IdDatosCont,direccion1,direccion2,IdPais,IdDepto,IdMunicipio,IdCodPostal,IdPrefijo,NumCelular,Email,IdiomaEmail,IdUsuario
1,3 Lawn Terrace,231 Riverside Terrace,39,22,155,50,39,4552475604,amitrikhin0@imgur.com,Español,1
2,02 Summer Ridge Point,26 Clarendon Circle,39,23,661,4,39,8218354756,adaniely1@marriott.com,Español,2
3,97686 Northport Point,655 Spaight Plaza,39,33,121,31,39,2980568116,mstickler2@artisteer.com,Español,3
4,95 Armistice Court,65 Wayridge Avenue,39,25,289,52,39,7044226312,ablanden3@guardian.co.uk,Español,4
5,98858 Oriole Plaza,7751 Lunder Lane,39,32,754,37,39,5413315895,aberthouloume4@facebook.com,Español,5
6,1506 Magdeline Terrace,2096 Hoepker Avenue,39,33,827,43,39,4279375148,mkillough5@nature.com,Español,6
7,46303 Longview Pass,8 Brickson Park Crossing,39,20,904,13,39,7990300916,esabberton6@hibu.com,Español,7
8,1 Oakridge Street,04 Burning Wood Street,39,22,430,43,39,4647866426,ireasun7@devhub.com,Español,8
9,1 Cambridge Street,7110 Hooker Way,39,21,752,11,39,5560129136,lserrels8@liveinternet.ru,Español,9
10,83195 Calypso Junction,0233 Union Avenue,39,9,857,27,39,5156294622,fbunting9@de.vu,Español,10
11,80 Bellgrove Place,2568 Raven Circle,39,13,450,1,39,2786631520,ggullberga@miibeian.gov.cn,Español,11
12,1 Butterfield Center,245 Iowa Terrace,39,19,901,54,39,8894993863,cwaterworthb@bravesites.com,Español,12
13,13238 Katie Junction,59339 Declaration Center,39,26,287,4,39,7415327172,aslotc@hp.com,Español,13
14,8 Garrison Point,27748 Mandrake Junction,39,18,606,4,39,6240705493,rjaquestd@drupal.org,Español,14
15,603 Park Meadow Junction,38 Coleman Street,39,18,593,34,39,3096195711,csommerlinge@europa.eu,Español,15
16,1 Steensland Lane,8424 Myrtle Terrace,39,3,407,35,39,9774053469,aendonf@amazon.de,Español,16
17,2484 Mariners Cove Road,71144 Anhalt Road,39,10,85,36,39,5172374534,eperoccig@sciencedirect.com,Español,17
18,761 Scott Road,48241 Mcguire Plaza,39,17,25,11,39,3281151626,upidwellh@ibm.com,Español,18
19,25 Hallows Trail,213 Claremont Hill,39,15,887,32,39,6553632009,mmatterisi@flavors.me,Español,19
20,0487 Hoard Junction,01 Graceland Circle,39,23,696,11,39,5231505947,ttolladyj@tiny.cc,Español,20
21,1 Reindahl Crossing,33 Montana Trail,39,11,200,11,39,7039193026,bguirardk@shop-pro.jp,Español,21
22,01 Continental Point,85 Corben Parkway,39,5,86,16,39,7869382230,bmatselll@google.co.uk,Español,22
23,7233 Ridgeview Road,96 Heffernan Hill,39,33,364,45,39,7277287025,brobertsm@auda.org.au,Español,23
24,75 Arizona Alley,5 Eagan Trail,39,18,270,34,39,8372734107,dtrevertonn@discuz.net,Español,24
25,133 Banding Junction,9 Knutson Avenue,39,20,1110,12,39,5918904348,srobichono@ucoz.com,Español,25
26,4321 Pine View Trail,05656 Pawling Way,39,5,114,46,39,9599326186,dsaffrinp@bizjournals.com,Español,26
27,47 Brickson Park Court,4 Summit Hill,39,32,1076,35,39,6812596276,bconachieq@ucoz.ru,Español,27
28,16 Farmco Plaza,03801 Eggendart Avenue,39,11,678,45,39,7634418400,rtucknuttr@techcrunch.com,Español,28
29,1286 Transport Terrace,9478 Magdeline Lane,39,32,112,14,39,9901918454,hdozdills@lulu.com,Español,29
30,3 Little Fleur Junction,3 Bashford Way,39,7,987,39,39,5969119664,bgosnallt@springer.com,Español,30
31,3 Crownhardt Way,13 Luster Place,39,10,678,22,39,4443009535,dbeazleyu@phpbb.com,Español,31
32,4552 Susan Parkway,2442 Hoepker Drive,39,19,92,39,39,3015565982,mrobetv@alexa.com,Español,32
33,4827 Lakewood Terrace,622 Cardinal Crossing,39,9,155,54,39,4993764461,mbeekmannw@state.tx.us,Español,33
34,2 Oakridge Parkway,8624 Judy Parkway,39,2,306,5,39,4669457050,rangrockx@hp.com,Español,34
35,53557 3rd Crossing,427 Division Parkway,39,33,454,16,39,6700845011,gcroslandy@zdnet.com,Español,35
36,2873 Warner Avenue,5671 Muir Hill,39,8,890,31,39,8792411805,wivicz@shop-pro.jp,Español,36
37,32902 Fairfield Road,707 Corben Alley,39,28,402,44,39,8182158096,trudeforth10@latimes.com,Español,37
38,53971 Bashford Circle,7960 Westridge Court,39,1,458,24,39,7098040538,awaddington11@phpbb.com,Español,38
39,755 Dwight Alley,552 Nancy Drive,39,8,1099,22,39,9727634920,mkeane12@cdbaby.com,Español,39
40,17961 Stone Corner Plaza,17677 Randy Junction,39,21,1034,52,39,6240034331,rscrannage13@booking.com,Español,40
41,934 Everett Parkway,15 Fairfield Terrace,39,7,377,33,39,3920095712,fbeecraft14@fda.gov,Español,41
42,850 Monterey Court,1815 Canary Point,39,1,603,38,39,2186409133,geubank15@fastcompany.com,Español,42
43,73137 Corscot Road,15 Vermont Place,39,16,207,32,39,6228613857,aoldknow16@ehow.com,Español,43
44,3714 Cody Way,14950 Brickson Park Parkway,39,28,759,3,39,6938118592,wmccomas17@fda.gov,Español,44
45,73987 Aberg Street,581 Nobel Alley,39,13,519,40,39,8956833053,gcorn18@theguardian.com,Español,45
46,7710 Novick Drive,866 Dexter Lane,39,12,316,3,39,6622624264,llinebarger19@cbslocal.com,Español,46
47,9 Fieldstone Plaza,22 Upham Court,39,14,665,7,39,3734758142,irozsa1a@usgs.gov,Español,47
48,2 Dovetail Drive,44 Tomscot Hill,39,1,947,42,39,9714125172,bochiltree1b@macromedia.com,Español,48
49,14348 Messerschmidt Parkway,5 Debs Place,39,27,227,35,39,4386728954,oroycroft1c@virginia.edu,Español,49
50,6508 Tomscot Avenue,11 Prentice Circle,39,7,142,22,39,7010062345,mmcbeath1d@edublogs.org,Español,50
51,3 2nd Court,17 Buell Street,39,24,480,23,39,8700584519,katter1e@addtoany.com,Español,51
52,4 Carberry Place,09 Oneill Center,39,22,833,33,39,6123590797,etarrier1f@vk.com,Español,52
53,17 Amoth Plaza,4 Pepper Wood Road,39,2,326,47,39,3758978525,cissacoff1g@jiathis.com,Español,53
54,12602 Lunder Crossing,4985 Hermina Place,39,3,704,34,39,4942026199,nscholte1h@mit.edu,Español,54
55,27 Elmside Way,3373 Ronald Regan Avenue,39,8,451,23,39,8390802402,bbernardt1i@ebay.co.uk,Español,55
56,45 Jenna Junction,26 Meadow Ridge Terrace,39,13,299,6,39,5251632841,mhourstan1j@ow.ly,Español,56
57,2879 Thierer Point,26 Anderson Avenue,39,11,1031,8,39,7943099333,tlade1k@oracle.com,Español,57
58,4 Grayhawk Street,5312 Northfield Alley,39,4,1060,49,39,8647045275,dbanner1l@independent.co.uk,Español,58
59,22 Wayridge Center,8 Dapin Point,39,21,494,45,39,8662078731,btaree1m@sohu.com,Español,59
60,72 Crescent Oaks Way,76 Northridge Parkway,39,21,302,17,39,9034262633,uelvin1n@zimbio.com,Español,60
61,98270 Carberry Point,247 Main Center,39,19,512,2,39,8590008026,ocockren1o@nifty.com,Español,61
62,1 Hooker Alley,1 High Crossing Center,39,30,139,17,39,3130717299,ssculpher1p@umn.edu,Español,62
63,04 Sundown Terrace,3 Londonderry Terrace,39,16,813,2,39,2486635130,sead1q@desdev.cn,Español,63
64,900 Maple Wood Circle,14247 Golf View Drive,39,29,346,26,39,8580268310,gatteridge1r@smh.com.au,Español,64
65,19 Gateway Pass,9 Calypso Street,39,23,633,40,39,8361091261,rlyst1s@smh.com.au,Español,65
66,732 Judy Crossing,2 Merchant Road,39,4,272,34,39,4677562225,crubee1t@jugem.jp,Español,66
67,989 Melby Parkway,7 Kedzie Hill,39,10,719,1,39,4315585510,jquinane1u@booking.com,Español,67
68,515 Roxbury Place,00 Columbus Trail,39,14,797,12,39,3616519673,nrakes1v@rambler.ru,Español,68
69,51533 Luster Road,24 Marcy Pass,39,31,513,4,39,4518698866,acooper1w@lycos.com,Español,69
70,19 Tomscot Center,9483 Oneill Drive,39,14,904,48,39,7881681248,hbraysher1x@unicef.org,Español,70
71,0 Russell Avenue,930 Charing Cross Avenue,39,33,1084,10,39,5507733145,jiacofo1y@washingtonpost.com,Español,71
72,37 Mendota Lane,7825 Meadow Ridge Point,39,33,683,6,39,3704726666,jatherley1z@taobao.com,Español,72
73,5144 Loeprich Parkway,17974 Caliangt Hill,39,27,883,50,39,7622923456,bwescott20@gnu.org,Español,73
74,79522 Montana Point,4 Trailsway Point,39,15,1009,36,39,1750342769,fcalrow21@aboutads.info,Español,74
75,9697 Aberg Street,1978 Rowland Parkway,39,33,279,49,39,8390777658,rhemphill22@si.edu,Español,75
76,49220 Springview Terrace,42 Buena Vista Alley,39,4,577,1,39,2076210503,cwhiskin23@buzzfeed.com,Español,76
77,551 Thierer Lane,8220 Vera Alley,39,16,403,45,39,9285749241,gpeach24@lulu.com,Español,77
78,348 Melrose Circle,0215 Fieldstone Center,39,18,208,25,39,8539977423,ftolossi25@unc.edu,Español,78
79,6 Forest Point,611 Lawn Circle,39,16,225,23,39,9466141357,dbrightman26@tuttocitta.it,Español,79
80,6 Havey Parkway,3045 Dwight Park,39,30,828,11,39,2715595625,emcconway27@un.org,Español,80
81,37 Crest Line Junction,123 Bunker Hill Junction,39,24,222,39,39,3758174343,lruperto28@google.nl,Español,81
82,77403 Londonderry Circle,7762 Southridge Center,39,17,858,36,39,2274982446,cmamwell29@unc.edu,Español,82
83,94247 Fremont Point,4 Memorial Circle,39,28,350,14,39,3189885398,iteese2a@pinterest.com,Español,83
84,13899 Lakewood Parkway,71268 Bluejay Parkway,39,10,1096,28,39,9747936823,ebudnk2b@posterous.com,Español,84
85,7 Roth Circle,871 Almo Circle,39,19,366,33,39,2123806475,ctorritti2c@unc.edu,Español,85
86,6 Veith Park,0 Drewry Point,39,31,640,7,39,4500202238,kdeverehunt2d@ft.com,Español,86
87,72206 Tony Circle,29969 Luster Road,39,19,26,30,39,3560552086,jcauderlie2e@ocn.ne.jp,Español,87
88,957 Bayside Parkway,28 Springs Park,39,27,852,2,39,5256155414,vhelleker2f@guardian.co.uk,Español,88
89,534 Pawling Circle,302 Northfield Avenue,39,32,565,21,39,6123448621,gkingshott2g@parallels.com,Español,89
90,88068 Birchwood Plaza,4637 Katie Alley,39,18,379,29,39,6023866681,ncornels2h@so-net.ne.jp,Español,90
91,05 Elka Alley,48 Alpine Point,39,3,784,2,39,9626717414,cyarnall2i@earthlink.net,Español,91
92,680 Ryan Road,11 6th Court,39,24,1067,32,39,9920335339,nkingswell2j@go.com,Español,92
93,704 Westerfield Place,570 Oneill Circle,39,25,567,4,39,7947914023,tpareman2k@gravatar.com,Español,93
94,96 Walton Avenue,9825 Monterey Junction,39,28,907,37,39,8472436568,hmatyatin2l@desdev.cn,Español,94
95,4663 Lunder Avenue,8488 Tennessee Hill,39,6,163,31,39,6473741325,mjenkins2m@github.com,Español,95
96,44 Gina Crossing,87 Spenser Way,39,25,992,4,39,7208166092,mbrennans2n@google.co.jp,Español,96
97,644 Forest Run Parkway,27 Mesta Point,39,11,316,22,39,4603468033,dtheaker2o@google.com.hk,Español,97
98,1 Darwin Junction,311 Lakeland Court,39,22,471,2,39,6731813497,epinnock2p@squidoo.com,Español,98
99,01438 Magdeline Point,52 Maple Center,39,22,854,38,39,3578167748,nlucks2q@behance.net,Español,99
100,8287 Monument Road,6754 Mallory Way,39,4,227,9,39,3685584268,eashby2r@nationalgeographic.com,Español,100
101,1645 Barby Alley,34 Fulton Plaza,39,1,788,6,39,5322290340,dbahia2s@infoseek.co.jp,Español,101
102,15 Westend Park,93 Stoughton Road,39,32,516,50,39,7575421639,cbrobak2t@spotify.com,Español,102
103,7659 Dunning Center,31964 5th Plaza,39,4,433,27,39,4221613201,ehendonson2u@hubpages.com,Español,103
104,63 South Trail,53891 Bellgrove Pass,39,12,418,30,39,4030544803,mlawler2v@sfgate.com,Español,104
105,8126 Melrose Trail,53441 Cascade Lane,39,25,559,20,39,9729990713,bpellington2w@macromedia.com,Español,105
106,84930 Buhler Road,33746 Susan Drive,39,13,636,30,39,5440413656,eferriday2x@weather.com,Español,106
107,8 Sunbrook Drive,5861 Katie Street,39,6,939,22,39,6225827445,gskala2y@omniture.com,Español,107
108,6 Bonner Drive,4 Pierstorff Crossing,39,2,1051,8,39,7185936342,obrame2z@addtoany.com,Español,108
109,133 Morning Circle,81 Forest Run Lane,39,31,865,28,39,1855803988,awhiffin30@bbb.org,Español,109
110,328 Ridge Oak Court,765 Larry Alley,39,19,234,36,39,4567425684,dmarson31@twitpic.com,Español,110
111,46 John Wall Parkway,422 Orin Plaza,39,24,692,36,39,7483819149,bbaptiste32@telegraph.co.uk,Español,111
112,5434 Goodland Junction,5 Shoshone Center,39,9,177,38,39,7672252295,jbartelsellis33@i2i.jp,Español,112
113,338 Clove Park,76 Gina Street,39,15,192,11,39,9024236550,bcarp34@auda.org.au,Español,113
114,989 Sutteridge Junction,620 Melby Court,39,22,521,9,39,2942965366,mmcbeath35@ihg.com,Español,114
115,573 Huxley Circle,237 Delladonna Street,39,30,969,46,39,6824726225,ncussons36@apple.com,Español,115
116,0818 Garrison Terrace,86 Kenwood Street,39,13,830,21,39,3597647512,wmingard37@amazon.co.jp,Español,116
117,00 Sunfield Crossing,038 Susan Hill,39,4,613,39,39,8650806723,lfrusher38@desdev.cn,Español,117
118,24 Prentice Center,26 Kropf Crossing,39,19,553,29,39,2904122874,slinnit39@arizona.edu,Español,118
119,0 Novick Place,43 Pond Circle,39,11,678,16,39,2242432980,cbleacher3a@hexun.com,Español,119
120,9 Thackeray Hill,5 Killdeer Avenue,39,12,741,39,39,1918091576,kosler3b@dot.gov,Español,120
121,39216 Waubesa Plaza,0 Little Fleur Terrace,39,5,940,50,39,9934700748,tcracknell3c@paginegialle.it,Español,121
122,931 La Follette Drive,08696 Briar Crest Trail,39,19,983,45,39,2507295107,dduffy3d@reddit.com,Español,122
123,0538 Northwestern Alley,9 Magdeline Terrace,39,25,1050,41,39,6086213410,aklempke3e@desdev.cn,Español,123
124,525 Londonderry Road,4425 Jay Terrace,39,31,616,26,39,8617279195,ckorneichuk3f@networkadvertising.org,Español,124
125,8611 Susan Place,85796 Esch Road,39,4,629,43,39,5010795968,gsteane3g@tinypic.com,Español,125
126,09731 Debra Junction,9 Chinook Street,39,22,1086,37,39,6829318645,cbremmell3h@typepad.com,Español,126
127,7 Comanche Point,27 Briar Crest Alley,39,9,291,41,39,9028893304,spettengell3i@cafepress.com,Español,127
128,58762 Reindahl Trail,3 Coleman Alley,39,6,428,19,39,4556724133,garnout3j@ibm.com,Español,128
129,88 Hovde Alley,22063 New Castle Street,39,33,694,28,39,4644279185,eneilly3k@imageshack.us,Español,129
130,8763 Maywood Circle,136 Swallow Circle,39,7,1096,26,39,9727068987,dmccaughey3l@slideshare.net,Español,130
131,7 Old Shore Street,5710 East Junction,39,9,18,14,39,4949457703,rrohlfs3m@ihg.com,Español,131
132,55265 Ronald Regan Avenue,402 Blackbird Park,39,28,8,50,39,6805648055,lginsie3n@list-manage.com,Español,132
133,4 Hooker Pass,841 Glendale Road,39,6,638,4,39,6193724994,sbrice3o@who.int,Español,133
134,65 Blackbird Crossing,645 Gerald Lane,39,7,246,15,39,1925940624,lhemphall3p@bandcamp.com,Español,134
135,543 Mcbride Park,7617 Twin Pines Pass,39,20,93,16,39,5976952014,mclemmensen3q@squarespace.com,Español,135
136,57528 Monterey Place,76 Mosinee Street,39,20,246,33,39,4283782171,hlatta3r@shinystat.com,Español,136
137,55719 Gale Crossing,6784 Mallard Alley,39,7,469,50,39,7021870429,gmacieja3s@slideshare.net,Español,137
138,482 Homewood Point,5 Haas Drive,39,28,345,7,39,5895914473,dchurchill3t@arstechnica.com,Español,138
139,929 Buhler Avenue,64805 New Castle Way,39,11,174,12,39,2770774273,bhendricks3u@elpais.com,Español,139
140,2130 Sloan Drive,06 Cardinal Drive,39,25,74,6,39,5393399106,cjeffers3v@addthis.com,Español,140
141,36175 Maple Terrace,0 Kenwood Circle,39,6,861,33,39,8245221464,pallenson3w@sourceforge.net,Español,141
142,29 Delladonna Parkway,12 Beilfuss Street,39,33,262,24,39,4609733027,bsuttell3x@dion.ne.jp,Español,142
143,1666 Pine View Circle,86326 Rutledge Trail,39,10,1048,47,39,2915404986,ecaulwell3y@pbs.org,Español,143
144,34 Truax Circle,1715 Service Way,39,13,423,25,39,1654972083,ktoten3z@stumbleupon.com,Español,144
145,0 Northport Pass,001 Straubel Drive,39,18,238,53,39,3669532308,bhopkyns40@prnewswire.com,Español,145
146,93518 Susan Court,3495 Glendale Place,39,10,712,40,39,5962951762,msavin41@ucoz.ru,Español,146
147,4 West Court,53 Riverside Court,39,27,353,19,39,8031142682,nrohmer42@phpbb.com,Español,147
148,73 Meadow Ridge Alley,42601 Portage Alley,39,29,1104,5,39,2583364342,scastello43@de.vu,Español,148
149,21 New Castle Court,608 Mesta Circle,39,25,20,15,39,7142763262,plyster44@mtv.com,Español,149
150,55 Stuart Pass,3837 Eagan Park,39,25,31,7,39,4696307655,dladel45@wiley.com,Español,150
151,6 Meadow Valley Terrace,03 Eagan Place,39,23,812,4,39,3235888479,mmatula46@weibo.com,Español,151
152,1 Milwaukee Center,3 Dunning Hill,39,10,915,42,39,8638878703,dspenclay47@sciencedaily.com,Español,152
153,477 Jackson Avenue,95 Columbus Trail,39,6,944,16,39,9449565295,sbiggerdike48@hc360.com,Español,153
154,60396 Thierer Place,13797 Alpine Junction,39,10,749,23,39,7695869128,fknightsbridge49@theguardian.com,Español,154
155,64 Hagan Park,3673 Kingsford Place,39,23,885,8,39,6589004074,rjarnell4a@epa.gov,Español,155
156,80 Columbus Circle,2273 Oneill Pass,39,18,754,47,39,8952358259,fschimpke4b@prweb.com,Español,156
157,723 Myrtle Terrace,49766 Waywood Crossing,39,17,1081,12,39,8393345989,abalchen4c@sogou.com,Español,157
158,63 Gale Center,9045 Randy Place,39,25,647,6,39,6609930713,sbroadis4d@reference.com,Español,158
159,6644 Lakeland Parkway,4337 Mayer Junction,39,11,921,40,39,9990882435,gpillington4e@ucla.edu,Español,159
160,9 Anniversary Trail,48 8th Way,39,30,759,26,39,2212015146,ggrivori4f@slate.com,Español,160
161,4461 Lakewood Gardens Park,9310 Carpenter Avenue,39,30,172,54,39,8681248226,mmonelle4g@jigsy.com,Español,161
162,9 Bayside Circle,2244 Meadow Ridge Way,39,4,11,24,39,2771615493,smclaren4h@nhs.uk,Español,162
163,74619 Elka Plaza,89036 South Alley,39,4,615,16,39,2553396782,fploughwright4i@jugem.jp,Español,163
164,0961 Corscot Hill,50475 Ryan Trail,39,23,276,50,39,2177814942,kslator4j@imgur.com,Español,164
165,11 Dahle Street,51878 Dovetail Terrace,39,27,132,21,39,2132298259,bflacknell4k@engadget.com,Español,165
166,247 Boyd Junction,85074 Rockefeller Court,39,1,697,9,39,9050319858,vpalek4l@jigsy.com,Español,166
167,187 Lawn Parkway,4353 Nova Road,39,6,184,25,39,7921694732,jflament4m@scientificamerican.com,Español,167
168,0 Arkansas Circle,5 Mariners Cove Park,39,3,268,9,39,5317639898,aryrie4n@com.com,Español,168
169,7549 Portage Alley,65 Merrick Point,39,5,702,55,39,5243821164,vdayce4o@digg.com,Español,169
170,4019 Holmberg Road,36 Ryan Pass,39,6,328,54,39,3796811948,ncoldicott4p@wisc.edu,Español,170
171,4183 Kingsford Way,660 Donald Point,39,13,834,7,39,8758995363,sgrimston4q@chicagotribune.com,Español,171
172,71 Cambridge Terrace,1 Morning Circle,39,24,494,37,39,2854014412,zkapiloff4r@phpbb.com,Español,172
173,3819 Nancy Circle,509 Corscot Center,39,7,363,31,39,1615244241,bkeenan4s@twitter.com,Español,173
174,2 Pine View Road,73 Valley Edge Crossing,39,6,344,22,39,3965191968,aedgerly4t@altervista.org,Español,174
175,35 Center Alley,4 Logan Road,39,23,338,19,39,7184874918,elambshine4u@dailymotion.com,Español,175
176,2465 Dunning Street,71876 Gina Lane,39,30,365,16,39,7794236911,dnoonan4v@smugmug.com,Español,176
177,08567 Ridge Oak Drive,99211 Bobwhite Circle,39,17,677,36,39,5971907049,srothschild4w@nasa.gov,Español,177
178,08971 Sundown Drive,8133 American Ash Lane,39,24,307,51,39,4692179514,wtabram4x@netvibes.com,Español,178
179,32889 Miller Parkway,43 Autumn Leaf Crossing,39,24,309,43,39,8564437260,mcarder4y@acquirethisname.com,Español,179
180,3549 Talmadge Plaza,1 Menomonie Drive,39,2,442,45,39,4006048440,ksmall4z@imdb.com,Español,180
181,04 Twin Pines Hill,38 West Plaza,39,3,54,21,39,5534499040,mpetel50@mlb.com,Español,181
182,9750 Warbler Hill,0958 Buena Vista Parkway,39,6,1046,50,39,9135662244,aalkins51@loc.gov,Español,182
183,8714 Almo Point,301 Montana Pass,39,31,717,12,39,8409809948,bluckie52@meetup.com,Español,183
184,57 Thompson Avenue,3902 Carberry Center,39,2,706,1,39,4767561396,eambrosoli53@umich.edu,Español,184
185,0445 Bonner Center,0520 Armistice Way,39,30,564,22,39,5074873456,mabelwhite54@dailymail.co.uk,Español,185
186,21 Dahle Avenue,6 Starling Street,39,23,1010,45,39,3641289663,fglanester55@skype.com,Español,186
187,11901 Magdeline Drive,6532 Del Sol Parkway,39,8,531,21,39,9291082195,smckinnon56@sphinn.com,Español,187
188,24 Mcbride Trail,20 Briar Crest Place,39,16,1093,41,39,7591069548,cclaire57@desdev.cn,Español,188
189,8794 Redwing Lane,27685 Armistice Place,39,20,898,23,39,2379993060,mhaversham58@tuttocitta.it,Español,189
190,95189 Pierstorff Circle,748 Dahle Hill,39,8,546,12,39,2723630390,singlish59@google.com.hk,Español,190
191,37990 Rigney Way,9216 Summit Way,39,25,593,26,39,9679919367,egobeaux5a@guardian.co.uk,Español,191
192,5 Bowman Way,6038 Pankratz Way,39,21,916,53,39,1787621358,raartsen5b@state.gov,Español,192
193,7559 Sullivan Terrace,1 Shelley Center,39,23,86,43,39,5179472839,mbatchelar5c@army.mil,Español,193
194,33588 Schurz Trail,4392 Brentwood Circle,39,27,950,6,39,7745968328,dbachman5d@dropbox.com,Español,194
195,54887 Duke Parkway,51071 Bunting Crossing,39,9,638,51,39,8518280216,vlearoid5e@weather.com,Español,195
196,802 North Street,1205 Iowa Way,39,24,121,30,39,3672002850,dgravatt5f@dropbox.com,Español,196
197,77 Crescent Oaks Terrace,73503 Washington Court,39,17,9,49,39,8455796694,kflory5g@technorati.com,Español,197
198,294 Luster Lane,77622 Menomonie Terrace,39,23,664,8,39,9553864228,ghuff5h@loc.gov,Español,198
199,05162 Johnson Court,2 Golf Course Court,39,27,881,49,39,7676009635,lpainten5i@disqus.com,Español,199
200,8 Utah Alley,77 Stephen Crossing,39,26,678,13,39,1730121701,sogelsby5j@ucoz.com,Español,200
201,685 Lukken Center,5837 Debra Street,39,7,731,38,39,7042997906,adimeo5k@wunderground.com,Español,201
202,5657 High Crossing Terrace,112 Moland Alley,39,33,553,16,39,7963368356,frisso5l@wikipedia.org,Español,202
203,5 Cardinal Terrace,6 Farwell Road,39,29,101,3,39,7224571481,bvinker5m@house.gov,Español,203
204,56092 Anzinger Park,07 Moulton Avenue,39,24,676,26,39,8585098231,hpatershall5n@chronoengine.com,Español,204
205,9 Forest Dale Hill,3669 Vermont Trail,39,3,503,25,39,1830230643,jbrightling5o@ted.com,Español,205
206,4 Bayside Alley,9 Spenser Road,39,31,785,32,39,7431005508,bmaccrann5p@privacy.gov.au,Español,206
207,75 Tomscot Hill,5924 Clemons Point,39,9,1116,40,39,7822412162,wbootell5q@linkedin.com,Español,207
208,2615 Walton Avenue,92 Becker Hill,39,21,613,8,39,9068902013,cbrydie5r@cbslocal.com,Español,208
209,1 John Wall Pass,80 Kings Avenue,39,18,593,19,39,2750569431,vmcgloin5s@alibaba.com,Español,209
210,75 Corry Junction,22 Colorado Pass,39,16,749,44,39,2151861542,bfiddler5t@dell.com,Español,210
211,1343 School Point,146 Eggendart Terrace,39,20,530,7,39,8835108938,acroasdale5u@weebly.com,Español,211
212,26 Golf Course Road,223 Buhler Alley,39,12,1015,49,39,8606616460,tdummer5v@ocn.ne.jp,Español,212
213,14 Packers Street,4759 Park Meadow Parkway,39,30,472,20,39,6621569152,smacquarrie5w@imgur.com,Español,213
214,0 Sunnyside Trail,86635 Oak Circle,39,11,424,19,39,6020880537,sadamkiewicz5x@imageshack.us,Español,214
215,4 Shopko Court,061 Summerview Plaza,39,29,687,32,39,9291891384,thaslocke5y@linkedin.com,Español,215
216,5172 Warbler Pass,097 Fremont Court,39,10,42,27,39,5980287607,ajurges5z@mit.edu,Español,216
217,820 David Park,229 Northwestern Trail,39,18,588,13,39,3376439391,zbordone60@nhs.uk,Español,217
218,66 Dorton Hill,062 Mandrake Road,39,1,292,34,39,1910385219,bkinnach61@ezinearticles.com,Español,218
219,8 International Street,34 Marquette Drive,39,24,296,40,39,9780902812,wkrol62@blogspot.com,Español,219
220,27414 Rigney Place,709 Randy Drive,39,22,27,10,39,5096940897,acockshott63@ucoz.com,Español,220
221,7 Cascade Way,4 Artisan Parkway,39,24,654,20,39,5451981936,eguidoni64@scientificamerican.com,Español,221
222,60 Aberg Center,526 Grover Court,39,15,954,33,39,5878338098,thiskey65@uol.com.br,Español,222
223,62 Melrose Street,455 Brickson Park Trail,39,18,928,20,39,8420171661,kborwick66@cnbc.com,Español,223
224,182 Arapahoe Avenue,6543 Lakeland Crossing,39,6,602,18,39,9957653150,spannett67@dot.gov,Español,224
225,7908 Scoville Parkway,85914 Monica Hill,39,3,974,9,39,2276379554,cabrehart68@studiopress.com,Español,225
226,965 Kensington Crossing,7 Kedzie Lane,39,1,681,8,39,4773505236,kdelacoste69@shutterfly.com,Español,226
227,0 Annamark Alley,950 Declaration Lane,39,17,1051,3,39,1909852256,fsouthwood6a@paginegialle.it,Español,227
228,071 Londonderry Pass,89419 Jackson Pass,39,21,823,2,39,5579085880,kwillmont6b@abc.net.au,Español,228
229,464 Mccormick Alley,94189 Debs Drive,39,18,1035,15,39,2374494587,rroskelly6c@friendfeed.com,Español,229
230,2 Meadow Valley Road,4090 Vidon Park,39,13,1067,47,39,1956983117,eeisikowitz6d@ow.ly,Español,230
231,3276 Superior Way,37670 Redwing Street,39,32,512,28,39,3520340956,abraker6e@ow.ly,Español,231
232,6820 East Center,6103 Little Fleur Lane,39,7,178,38,39,8939813297,mfarrell6f@booking.com,Español,232
233,4539 Fordem Point,6 Clarendon Terrace,39,24,1018,47,39,6425518854,dhamman6g@ovh.net,Español,233
234,69962 Utah Park,42 Norway Maple Alley,39,4,232,11,39,2559813654,rdot6h@independent.co.uk,Español,234
235,7 Park Meadow Park,15 Anhalt Road,39,30,329,33,39,7855187298,hkintzel6i@pagesperso-orange.fr,Español,235
236,907 Forster Lane,39 Golf Course Street,39,32,314,48,39,8868667607,ggittoes6j@tumblr.com,Español,236
237,7489 Towne Crossing,70 Eagle Crest Center,39,30,752,39,39,7289004800,aalecock6k@multiply.com,Español,237
238,488 Thackeray Drive,34 Fair Oaks Lane,39,29,70,45,39,8407477334,dgilluley6l@is.gd,Español,238
239,76 Laurel Point,1751 Bobwhite Drive,39,14,882,54,39,8505408925,fallsebrook6m@feedburner.com,Español,239
240,03800 Kedzie Center,824 Ridgeway Street,39,8,636,1,39,6232058963,hpartlett6n@hibu.com,Español,240
241,70 Ridgeway Park,4006 Sunnyside Trail,39,30,284,44,39,9139652247,eodornan6o@reference.com,Español,241
242,63 Alpine Drive,32 Oneill Way,39,28,483,22,39,2745119422,adodgson6p@pbs.org,Español,242
243,4480 4th Point,8514 Prentice Hill,39,23,303,13,39,2029229485,mborzoni6q@google.com,Español,243
244,2797 Sage Avenue,5 Lotheville Lane,39,22,1053,28,39,7534740263,bfranseco6r@msu.edu,Español,244
245,7487 Di Loreto Junction,0 Fair Oaks Parkway,39,12,249,22,39,8766292361,cpinnigar6s@dion.ne.jp,Español,245
246,315 Russell Pass,96701 Morning Park,39,10,846,46,39,2185104809,lmacdaid6t@omniture.com,Español,246
247,70 Almo Place,81062 Maple Point,39,28,132,24,39,1852030751,ktryme6u@prnewswire.com,Español,247
248,676 Dawn Crossing,72 Hooker Terrace,39,6,795,52,39,7665811687,dcansdell6v@mapy.cz,Español,248
249,4236 Fuller Park,0 Lotheville Pass,39,3,309,18,39,4148739962,mpaunsford6w@fda.gov,Español,249
250,50 Gina Road,8553 Farragut Way,39,1,988,47,39,5923064471,hbuttner6x@google.pl,Español,250
251,8 Roxbury Center,0 Katie Park,39,31,280,13,39,3241652492,hberka6y@blog.com,Español,251
252,53 Luster Avenue,0048 Meadow Valley Crossing,39,19,419,36,39,8742487009,vogg6z@jalbum.net,Español,252
253,22 Bayside Park,0426 Gateway Alley,39,25,302,16,39,7455278527,dbenyon70@prlog.org,Español,253
254,21057 Roxbury Place,11 Haas Trail,39,5,585,43,39,6102910328,lkahan71@theatlantic.com,Español,254
255,37 Bartelt Plaza,2946 Algoma Pass,39,14,345,44,39,1236651934,fbeadon72@digg.com,Español,255
256,53824 Cottonwood Hill,25124 Cordelia Drive,39,24,647,28,39,3752164279,dlergan73@skype.com,Español,256
257,60264 Ilene Center,6 Hoard Drive,39,8,394,48,39,5558837606,rcooke74@digg.com,Español,257
258,3669 Kensington Pass,14 Northland Place,39,2,585,33,39,3091968817,lhovell75@nydailynews.com,Español,258
259,14 Mccormick Lane,7 North Way,39,8,572,6,39,4245809068,rayer76@opera.com,Español,259
260,34 Sommers Center,72 Valley Edge Center,39,11,64,4,39,1814712749,jandress77@about.me,Español,260
261,8 Burrows Trail,6039 Starling Circle,39,29,703,46,39,2080026809,eingleston78@time.com,Español,261
262,8 Clyde Gallagher Hill,89060 Fairfield Park,39,16,997,54,39,7173109283,gsacks79@theglobeandmail.com,Español,262
263,9 Calypso Point,9 Waywood Way,39,17,764,39,39,8114684205,trosenberger7a@meetup.com,Español,263
264,1 Vahlen Road,2707 Shelley Center,39,20,38,52,39,6757343151,sbogue7b@nyu.edu,Español,264
265,45593 Muir Park,92 Fieldstone Circle,39,8,896,41,39,3833345872,hbrill7c@wsj.com,Español,265
266,73 Continental Court,3 Carberry Center,39,23,785,9,39,1238042909,lstanworth7d@loc.gov,Español,266
267,799 Ronald Regan Drive,83064 Glendale Parkway,39,17,604,5,39,5112849414,jcheson7e@xinhuanet.com,Español,267
268,042 Sullivan Terrace,4 Amoth Crossing,39,20,277,38,39,9355939078,cspring7f@nature.com,Español,268
269,4369 Jenifer Pass,57 Westerfield Plaza,39,13,2,6,39,5634314333,gpally7g@cornell.edu,Español,269
270,30064 Summer Ridge Hill,44783 Texas Trail,39,32,337,54,39,3247380496,mrossant7h@bloglines.com,Español,270
271,179 Harbort Junction,1608 Petterle Plaza,39,31,310,16,39,4448904514,wroscrigg7i@census.gov,Español,271
272,3 Norway Maple Terrace,21 Almo Road,39,3,92,34,39,6954577459,iherety7j@bluehost.com,Español,272
273,31 Marquette Circle,06101 Steensland Road,39,7,171,33,39,4561632631,babendroth7k@usatoday.com,Español,273
274,3 Graedel Pass,952 Novick Terrace,39,6,247,46,39,8163724405,gharnwell7l@alexa.com,Español,274
275,79 Graedel Court,3 Bonner Trail,39,5,155,23,39,3046350320,dhexham7m@digg.com,Español,275
276,10837 Ronald Regan Junction,6003 Knutson Pass,39,6,888,4,39,5873148537,calbro7n@devhub.com,Español,276
277,15 Ryan Trail,25 Mitchell Street,39,24,525,49,39,7541109319,rmaccari7o@hp.com,Español,277
278,3 Killdeer Junction,37769 Grim Place,39,27,1095,36,39,1331675895,adarington7p@blog.com,Español,278
279,077 Dapin Pass,68 Brown Pass,39,18,1003,43,39,4990508654,pturbayne7q@ocn.ne.jp,Español,279
280,1 Helena Terrace,567 Basil Junction,39,19,218,25,39,2311794838,aharrinson7r@reverbnation.com,Español,280
281,3 Ludington Place,0 Pond Center,39,8,1046,29,39,2463302071,nstickley7s@go.com,Español,281
282,8176 Grim Parkway,3 Hudson Alley,39,20,819,31,39,2321478274,kkerrigan7t@msn.com,Español,282
283,02855 Utah Street,43931 Waywood Terrace,39,23,705,49,39,8279459825,hviccars7u@topsy.com,Español,283
284,284 Norway Maple Park,6273 Nevada Circle,39,11,88,52,39,3222405845,dprivett7v@skype.com,Español,284
285,5163 Hoard Road,35 Shasta Plaza,39,12,418,18,39,9588578301,agawith7w@walmart.com,Español,285
286,532 Sachtjen Court,7881 Fieldstone Circle,39,13,36,16,39,4459219940,kfumagallo7x@qq.com,Español,286
287,00 Londonderry Road,23 Cottonwood Point,39,29,953,38,39,7709117633,biacovino7y@github.io,Español,287
288,0 Pennsylvania Place,3707 Garrison Trail,39,29,401,49,39,2867118494,pmacsharry7z@hao123.com,Español,288
289,86 Westridge Drive,94 Warbler Circle,39,10,307,7,39,5046823624,ftuminini80@phoca.cz,Español,289
290,1 Sage Terrace,36 John Wall Point,39,2,446,6,39,5598971290,adelacroux81@economist.com,Español,290
291,0 Independence Street,96 Merry Street,39,33,448,2,39,4905722996,kbryett82@blog.com,Español,291
292,057 Acker Plaza,2567 Parkside Alley,39,3,536,35,39,1793731577,dpenfold83@dailymail.co.uk,Español,292
293,3074 Autumn Leaf Crossing,7 Lotheville Way,39,11,481,12,39,2891499050,pprendergrass84@businessweek.com,Español,293
294,89969 Surrey Way,99 Garrison Street,39,21,854,4,39,7799016070,vgrievson85@sun.com,Español,294
295,4266 Basil Alley,17949 Cascade Terrace,39,4,2,15,39,6784462406,hcapron86@utexas.edu,Español,295
296,34 Loomis Hill,7 Delaware Drive,39,29,767,36,39,9410135049,paubert87@lulu.com,Español,296
297,5737 Barnett Lane,46 Mockingbird Pass,39,29,882,17,39,7935623062,nranyell88@loc.gov,Español,297
298,48 Warrior Hill,2203 Schlimgen Alley,39,12,73,39,39,7916854814,bmackeogh89@angelfire.com,Español,298
299,4258 Center Way,50 Vera Plaza,39,13,685,13,39,8436211267,iisaksen8a@nsw.gov.au,Español,299
300,5200 Gina Lane,1 Autumn Leaf Terrace,39,8,534,1,39,2404056938,kandrusov8b@huffingtonpost.com,Español,300
301,25750 Veith Avenue,40063 Golf Course Drive,39,16,420,20,39,4412020240,uturri8c@zdnet.com,Español,301
302,00199 Butternut Junction,483 Carpenter Drive,39,3,147,27,39,9673907986,vpykett8d@marketwatch.com,Español,302
303,6484 Myrtle Pass,84 Scoville Parkway,39,26,582,54,39,5701860026,lburgin8e@imgur.com,Español,303
304,191 Milwaukee Circle,2607 Stoughton Court,39,19,75,29,39,2831438868,laugustin8f@wisc.edu,Español,304
305,02570 Esker Lane,006 Weeping Birch Center,39,9,54,44,39,7094737831,pglasman8g@hao123.com,Español,305
306,99692 Buhler Place,100 8th Park,39,9,386,37,39,4386715993,lbrightling8h@wunderground.com,Español,306
307,86 Namekagon Court,8 Sugar Alley,39,18,609,46,39,2921594200,pcorragan8i@devhub.com,Español,307
308,15 Sullivan Lane,4 Carberry Lane,39,23,743,18,39,5870893822,bburnand8j@sogou.com,Español,308
309,838 Autumn Leaf Road,28618 Pearson Alley,39,24,615,20,39,2695122494,dprinn8k@sakura.ne.jp,Español,309
310,59504 Ridgeview Road,97043 Redwing Point,39,14,202,38,39,6447186426,kcheer8l@hubpages.com,Español,310
311,8785 Dwight Lane,67664 Schiller Circle,39,20,13,34,39,6908326972,yrossander8m@ezinearticles.com,Español,311
312,2 Forest Run Road,5 Swallow Place,39,26,416,2,39,8847557814,ogarriock8n@flavors.me,Español,312
313,128 Fuller Drive,478 Kensington Alley,39,19,299,16,39,5909533387,lgiuroni8o@eepurl.com,Español,313
314,05870 Ludington Pass,682 Old Gate Crossing,39,13,647,39,39,8079919485,gcambell8p@hc360.com,Español,314
315,5255 Butternut Plaza,726 Westend Avenue,39,11,169,6,39,5870547218,ggrayling8q@photobucket.com,Español,315
316,8 Jay Pass,7 Schlimgen Way,39,25,145,12,39,8916306942,mwaud8r@dot.gov,Español,316
317,2 Crowley Lane,580 Linden Center,39,2,756,52,39,8028846299,lsantello8s@naver.com,Español,317
318,39 Dryden Circle,6347 Monterey Court,39,15,694,49,39,2663337609,wmosedill8t@marketwatch.com,Español,318
319,7399 Wayridge Avenue,60781 Glendale Alley,39,29,363,42,39,8158182568,dacton8u@woothemes.com,Español,319
320,9 Buell Road,0 Iowa Way,39,18,738,48,39,4426709574,rbarkworth8v@godaddy.com,Español,320
321,63553 Arapahoe Hill,191 Kenwood Park,39,2,852,48,39,7197403612,rfiddian8w@walmart.com,Español,321
322,85 Ryan Road,213 Claremont Way,39,13,813,6,39,8515173810,bheardman8x@latimes.com,Español,322
323,61280 Everett Point,5953 East Drive,39,14,742,49,39,3327944291,dnuttall8y@kickstarter.com,Español,323
324,387 Clove Court,4 Texas Center,39,14,1019,54,39,6772048540,lpollard8z@ucsd.edu,Español,324
325,85734 Kim Center,18109 Merrick Circle,39,18,992,10,39,6512064963,jfearick90@about.com,Español,325
326,10 Algoma Point,1548 Leroy Hill,39,24,269,42,39,7846321127,bwalsham91@imageshack.us,Español,326
327,354 Cordelia Road,66417 Randy Center,39,18,422,55,39,2957926148,egoodhew92@state.gov,Español,327
328,23183 Morningstar Hill,54 Oak Drive,39,29,475,16,39,4351664542,ebonsall93@nsw.gov.au,Español,328
329,1 Ronald Regan Hill,44178 Mitchell Crossing,39,28,739,17,39,7560796471,lmillea94@webnode.com,Español,329
330,9698 Schiller Circle,22 Birchwood Center,39,1,984,4,39,3212483000,fmedley95@ted.com,Español,330
331,790 Maple Hill,77669 Mayer Junction,39,30,1045,47,39,5119277076,nstovin96@nytimes.com,Español,331
332,8850 Morning Point,0 Northland Alley,39,18,890,47,39,1950203596,nbirdwhistell97@geocities.jp,Español,332
333,6 Mockingbird Terrace,96760 American Center,39,3,944,26,39,7677395908,vdutton98@arizona.edu,Español,333
334,6 Carey Lane,816 Dayton Road,39,17,343,53,39,7123560860,irizzolo99@salon.com,Español,334
335,5917 Armistice Trail,28 Hansons Alley,39,25,601,20,39,3373974454,lforge9a@miibeian.gov.cn,Español,335
336,53718 Linden Pass,90241 Brickson Park Street,39,7,337,54,39,7946252343,wdarko9b@paginegialle.it,Español,336
337,5 Hoffman Avenue,7993 Carey Way,39,8,287,5,39,6605565593,awittke9c@umich.edu,Español,337
338,6 Thierer Avenue,48 Knutson Circle,39,17,727,37,39,5938512751,nmckea9d@mysql.com,Español,338
339,03857 International Lane,27 Talmadge Court,39,1,610,51,39,6626971798,ybuckenhill9e@xing.com,Español,339
340,33980 Logan Street,1 Arizona Pass,39,13,222,27,39,5378857107,dcushelly9f@irs.gov,Español,340
341,76857 Hooker Street,1 Vidon Street,39,24,441,19,39,3069283157,bsiddele9g@go.com,Español,341
342,638 Sloan Trail,848 Cascade Road,39,29,153,27,39,3133239008,mmacneish9h@fda.gov,Español,342
343,557 Grim Lane,2891 Hoepker Junction,39,17,691,49,39,5919485036,tpetersen9i@fc2.com,Español,343
344,142 Onsgard Alley,13 Melby Junction,39,17,366,42,39,7584713686,gmathis9j@yahoo.co.jp,Español,344
345,921 Rockefeller Pass,8 Northview Avenue,39,32,621,24,39,9153059543,yfigurski9k@cdbaby.com,Español,345
346,61 Fairfield Place,92 Roxbury Circle,39,26,925,25,39,8528206102,cedworthie9l@wiley.com,Español,346
347,45 Donald Street,9 Debs Park,39,24,855,23,39,8104016837,jcapron9m@time.com,Español,347
348,147 Pine View Street,71 6th Street,39,33,187,19,39,4587623165,cmichurin9n@nsw.gov.au,Español,348
349,14206 Bluejay Way,54528 Granby Center,39,18,298,30,39,4754768595,mbroxis9o@eepurl.com,Español,349
350,19785 Arkansas Pass,1821 Lukken Alley,39,7,584,35,39,6081917625,cmacneice9p@sfgate.com,Español,350
351,5690 Pine View Terrace,67 Ludington Hill,39,20,544,33,39,7177220034,kcruden9q@deviantart.com,Español,351
352,37 Mifflin Point,59001 Knutson Hill,39,19,206,31,39,8546145404,hstorrier9r@npr.org,Español,352
353,09 Helena Pass,61734 Bartelt Way,39,20,822,10,39,1579365343,jcanland9s@ca.gov,Español,353
354,18 Spenser Avenue,6547 Ohio Parkway,39,7,855,43,39,1886583808,mcottier9t@google.it,Español,354
355,3 Cottonwood Road,737 Wayridge Center,39,7,801,42,39,2658496112,ddeller9u@quantcast.com,Español,355
356,9604 Novick Alley,02589 Manitowish Alley,39,9,963,51,39,5382003650,mwithrington9v@state.gov,Español,356
357,43 Morrow Alley,68069 Mesta Junction,39,2,153,14,39,5316619649,knovis9w@ehow.com,Español,357
358,5 Spohn Junction,22869 Truax Terrace,39,30,826,15,39,4560247976,dcory9x@bbb.org,Español,358
359,75634 Mallard Court,70321 East Circle,39,23,972,55,39,3309452865,tcovert9y@blog.com,Español,359
360,00 Bartillon Park,2 Dottie Place,39,29,639,5,39,4179053383,lbeament9z@kickstarter.com,Español,360
361,622 Continental Street,61185 Sycamore Parkway,39,14,4,20,39,7383068233,mgoriolia0@oaic.gov.au,Español,361
362,35496 Tony Hill,578 6th Center,39,6,349,44,39,3411813127,lcampoa1@g.co,Español,362
363,63601 Goodland Crossing,29120 Hanson Road,39,27,658,11,39,2286076526,hpinnigera2@fda.gov,Español,363
364,7463 Dawn Park,3 American Center,39,18,874,29,39,4282410532,ssettera3@altervista.org,Español,364
365,752 Di Loreto Parkway,2143 Gina Place,39,23,545,32,39,5448244541,jlettsoma4@sfgate.com,Español,365
366,7 Moulton Place,60 Bobwhite Alley,39,17,525,54,39,1939300378,lcrathornea5@oracle.com,Español,366
367,2081 Helena Terrace,623 Upham Court,39,19,762,31,39,6581420595,mmaccathaya6@mayoclinic.com,Español,367
368,6712 Main Lane,3943 Manley Way,39,5,848,29,39,9537706066,rdulwicha7@cnn.com,Español,368
369,2975 Northview Pass,28 Almo Trail,39,10,518,22,39,3520111985,ltiddemana8@vk.com,Español,369
370,938 Dakota Point,5300 Forster Crossing,39,28,884,7,39,8579425662,tlepicka9@unesco.org,Español,370
371,12179 Westridge Alley,9445 John Wall Alley,39,19,871,3,39,8544484493,baimableaa@state.gov,Español,371
372,5969 Walton Drive,2346 Sommers Road,39,29,1103,39,39,3211318967,amonteithab@ucla.edu,Español,372
373,94 Waubesa Junction,5935 Eggendart Avenue,39,18,377,8,39,7936479226,ashortinac@tmall.com,Español,373
374,4721 Swallow Circle,94 Clarendon Court,39,30,79,37,39,3734001313,emuckianad@cnet.com,Español,374
375,19 Scoville Terrace,34494 Texas Park,39,17,511,33,39,5103106294,vironmongerae@mtv.com,Español,375
376,611 Fairview Place,363 Village Green Court,39,17,575,25,39,9187709843,nfowlestoneaf@technorati.com,Español,376
377,96847 Petterle Parkway,55227 Lukken Terrace,39,4,595,21,39,8663380457,pwinckworthag@about.me,Español,377
378,701 Eagle Crest Hill,61146 Marcy Center,39,22,216,53,39,6875213249,igatcliffah@oakley.com,Español,378
379,568 Victoria Plaza,6206 Marquette Lane,39,26,261,18,39,3648035051,mriegerai@amazon.de,Español,379
380,27 Ryan Pass,0 Towne Crossing,39,16,179,38,39,8623578664,cstuttardaj@storify.com,Español,380
381,8015 Rockefeller Point,78 Dapin Way,39,25,92,12,39,2217925416,ehalshoak@ihg.com,Español,381
382,13 Monica Park,70477 Carpenter Plaza,39,33,1059,27,39,6284356264,atancockal@prweb.com,Español,382
383,71746 Laurel Court,59467 Iowa Road,39,18,577,55,39,4335139432,pmedlinam@prlog.org,Español,383
384,06388 Jana Alley,21892 Granby Pass,39,15,291,17,39,1303230871,kousbyan@delicious.com,Español,384
385,713 Oakridge Street,20761 Eastlawn Junction,39,10,761,47,39,1797772812,kcorkishao@elegantthemes.com,Español,385
386,9 Russell Avenue,705 Heffernan Pass,39,16,1080,27,39,6221044016,sscimonelliap@va.gov,Español,386
387,23 Burning Wood Drive,06545 Vera Pass,39,2,35,38,39,8655270601,lcawthorneaq@amazon.com,Español,387
388,592 Bashford Road,574 Northview Center,39,8,274,6,39,1525928368,sdymidowiczar@soundcloud.com,Español,388
389,27 Fordem Avenue,148 Elgar Street,39,8,663,25,39,5513393841,dlottas@soup.io,Español,389
390,6 Colorado Junction,9 High Crossing Parkway,39,15,799,3,39,9410851340,gvaughanat@woothemes.com,Español,390
391,0 Melrose Road,29067 Division Circle,39,17,584,5,39,4618778410,imcureau@thetimes.co.uk,Español,391
392,793 Buhler Lane,97 Killdeer Avenue,39,15,257,38,39,1472173283,tcasserlyav@cocolog-nifty.com,Español,392
393,9492 Clove Court,9739 Elgar Road,39,33,1107,46,39,1652799584,cmaddyaw@zdnet.com,Español,393
394,732 Oak Lane,78775 Pankratz Parkway,39,13,332,34,39,5855112935,jlynesax@zimbio.com,Español,394
395,6176 Dovetail Road,624 Hansons Lane,39,28,346,46,39,7568700490,mronischay@techcrunch.com,Español,395
396,5260 Truax Park,77444 Oneill Plaza,39,16,669,13,39,7308130952,ggaskalaz@technorati.com,Español,396
397,76164 Hanover Avenue,871 Banding Circle,39,17,202,1,39,4538499612,fdaglessb0@a8.net,Español,397
398,08 Riverside Parkway,032 Hoard Lane,39,15,672,4,39,8242740400,astandbrookb1@toplist.cz,Español,398
399,1 Old Gate Circle,1391 Kedzie Lane,39,1,37,32,39,1384967052,wbeynkeb2@gmpg.org,Español,399
400,9 Warrior Hill,26 Killdeer Street,39,6,75,28,39,3264650491,ashotboultb3@delicious.com,Español,400
401,428 Forest Dale Center,08118 Delaware Parkway,39,24,941,53,39,2481287904,gshepperdb4@devhub.com,Español,401
402,0812 Manley Pass,99 Pierstorff Parkway,39,29,1096,7,39,6173764181,hgobyb5@sina.com.cn,Español,402
403,56140 Marquette Pass,41 Leroy Alley,39,31,80,12,39,3731080380,aminterb6@joomla.org,Español,403
404,7317 Westport Court,2741 Sauthoff Trail,39,28,526,15,39,3618259213,ceuesdenb7@icio.us,Español,404
405,683 Lakeland Drive,4249 Transport Drive,39,28,757,46,39,1592360959,rjoninb8@unicef.org,Español,405
406,22 Transport Alley,106 Morningstar Drive,39,26,445,25,39,2612652581,bcreggb9@wikimedia.org,Español,406
407,24532 Westerfield Center,83 Burning Wood Park,39,9,369,13,39,6041176855,jshirtcliffeba@skype.com,Español,407
408,74133 Elka Point,3973 Main Trail,39,23,131,5,39,4474506079,vtimblettbb@joomla.org,Español,408
409,52 Corry Place,7999 Sloan Road,39,21,1071,49,39,2487226902,dlehrerbc@oaic.gov.au,Español,409
410,1843 Eggendart Park,23191 Crowley Point,39,33,634,48,39,9004542713,scatonbd@list-manage.com,Español,410
411,47 Mockingbird Alley,87 2nd Plaza,39,26,620,24,39,1759077024,apietzbe@chronoengine.com,Español,411
412,2 Melrose Pass,31195 Boyd Point,39,20,557,33,39,4122913177,jbeumantbf@ucsd.edu,Español,412
413,5 Manitowish Avenue,691 Pierstorff Court,39,26,53,51,39,4674631113,bkernockbg@surveymonkey.com,Español,413
414,25 Russell Hill,07101 Iowa Hill,39,28,813,19,39,5414992079,njedraszczykbh@deviantart.com,Español,414
415,84318 Roxbury Crossing,77 Sauthoff Park,39,17,1011,15,39,4548362528,fmcilriachbi@netlog.com,Español,415
416,57 Hoepker Terrace,45 Golf Course Alley,39,23,381,38,39,9480520393,ebosquetbj@fotki.com,Español,416
417,8 Northport Alley,6 Glacier Hill Plaza,39,8,724,35,39,2631070945,whatherellbk@theguardian.com,Español,417
418,984 Westend Plaza,668 Dottie Point,39,27,282,34,39,1954930365,reinchcombebl@imageshack.us,Español,418
419,80 Sunbrook Alley,62 Rigney Pass,39,20,225,18,39,7808863351,tthickettbm@bloglines.com,Español,419
420,0591 Walton Terrace,5030 Bellgrove Way,39,30,911,30,39,2723097940,xdowersbn@furl.net,Español,420
421,49930 Sunbrook Street,623 Lien Circle,39,9,558,36,39,8667347113,eboardsbo@barnesandnoble.com,Español,421
422,384 Schurz Parkway,1940 Rutledge Point,39,32,664,47,39,4324689118,chellwingbp@clickbank.net,Español,422
423,14728 Continental Drive,68570 Judy Road,39,19,1001,29,39,2746147610,abulbrookbq@princeton.edu,Español,423
424,41797 Lawn Plaza,09312 Mosinee Road,39,26,990,20,39,9796598663,mbeneteaubr@storify.com,Español,424
425,343 Loeprich Crossing,84671 Kennedy Avenue,39,10,1001,7,39,3854683647,ctroppmannbs@ted.com,Español,425
426,29 Arizona Street,4 Brentwood Way,39,7,706,52,39,2554666150,dhawtrybt@behance.net,Español,426
427,968 Derek Road,5 Crowley Junction,39,21,346,34,39,7139265506,fscutchinbu@webmd.com,Español,427
428,912 Sherman Trail,460 Forest Run Alley,39,3,521,39,39,7917932359,rlaugierbv@skype.com,Español,428
429,2 Hoffman Center,328 Graedel Terrace,39,25,707,40,39,5064473768,rrattraybw@hud.gov,Español,429
430,73412 Atwood Center,9 Kenwood Parkway,39,26,583,16,39,3763069819,gcornilsbx@youtu.be,Español,430
431,0867 Jay Court,41136 Tony Circle,39,1,303,5,39,2579265635,prufflerby@oaic.gov.au,Español,431
432,02 Vermont Lane,41598 Kensington Hill,39,1,265,5,39,5879511138,fhortbz@about.com,Español,432
433,56588 Pond Place,69977 Pawling Circle,39,3,197,34,39,8276916607,pblandc0@xrea.com,Español,433
434,13 Veith Pass,6900 Vermont Drive,39,6,775,21,39,2773774406,trylec1@sourceforge.net,Español,434
435,3 Merchant Place,1903 Menomonie Terrace,39,2,1065,12,39,1960780956,rgoodlipc2@imdb.com,Español,435
436,84482 Corben Place,60 Buell Court,39,23,1009,51,39,9340295808,ubuttonc3@npr.org,Español,436
437,7468 East Junction,59 Westport Point,39,14,254,42,39,3526585224,rlodingc4@ycombinator.com,Español,437
438,6265 Little Fleur Point,23 Loomis Point,39,13,516,46,39,6262389859,phessc5@blinklist.com,Español,438
439,184 Roth Center,890 4th Terrace,39,5,622,14,39,6848282969,hdarkc6@typepad.com,Español,439
440,742 Birchwood Hill,162 Barby Court,39,18,619,37,39,7686222734,aoclovanc7@youtube.com,Español,440
441,7374 Hudson Plaza,4 Almo Center,39,20,702,15,39,4458987435,jspurriorc8@rambler.ru,Español,441
442,28 Garrison Parkway,4955 Katie Drive,39,15,249,26,39,3600336703,cmedlerc9@icio.us,Español,442
443,13 Farmco Place,1028 Cherokee Drive,39,1,84,4,39,4134722056,sbrushfieldca@nih.gov,Español,443
444,31 6th Point,49 Saint Paul Circle,39,26,720,8,39,9242107459,cmaccrawcb@businessinsider.com,Español,444
445,29036 Holmberg Road,19469 Barby Drive,39,32,976,26,39,1537186937,jquailcc@go.com,Español,445
446,8 Truax Road,218 Melrose Terrace,39,16,365,19,39,2130200704,cshadecd@tuttocitta.it,Español,446
447,845 8th Trail,8 Rockefeller Crossing,39,9,310,17,39,9144383872,bdeniskece@bloglines.com,Español,447
448,96 Hollow Ridge Trail,2 Bartillon Parkway,39,22,866,25,39,5830208010,tjozwikcf@oakley.com,Español,448
449,16 Russell Circle,37 Bay Court,39,5,859,30,39,9140180130,pkupkercg@fotki.com,Español,449
450,87 Spenser Crossing,7 Lighthouse Bay Trail,39,3,39,4,39,5385365670,wstimpsonch@auda.org.au,Español,450
451,4913 Morrow Parkway,264 Pawling Point,39,29,289,30,39,2119206373,kprestidgeci@multiply.com,Español,451
452,36 Continental Road,11 Daystar Parkway,39,32,278,9,39,8319565524,etimmscj@shop-pro.jp,Español,452
453,6367 Red Cloud Trail,7814 Park Meadow Road,39,3,884,50,39,7100398710,tbechleyck@flickr.com,Español,453
454,02352 Maywood Lane,751 Quincy Way,39,18,424,32,39,1645649601,hbezantcl@jalbum.net,Español,454
455,76555 Lakewood Drive,24 Farwell Park,39,9,546,42,39,5602842257,jcathraecm@berkeley.edu,Español,455
456,572 Coleman Point,8419 Manufacturers Road,39,2,331,47,39,5259353800,boryscn@ow.ly,Español,456
457,9 Lotheville Way,36877 Forest Dale Plaza,39,10,451,53,39,3286879608,ningallco@devhub.com,Español,457
458,5788 Alpine Way,86 Waxwing Junction,39,6,858,9,39,5785207525,psnawdoncp@histats.com,Español,458
459,60 Prairieview Terrace,744 Portage Lane,39,31,855,29,39,3536846750,tgoodbandcq@who.int,Español,459
460,08208 Warner Parkway,1 Bunting Street,39,14,629,16,39,1875466562,hmarushakcr@yellowbook.com,Español,460
461,900 Leroy Parkway,5008 Glendale Point,39,28,154,1,39,6799230959,cmedwellcs@jiathis.com,Español,461
462,6262 Schmedeman Point,99307 Maywood Place,39,25,653,40,39,5819501740,bgreswellct@infoseek.co.jp,Español,462
463,42 Hauk Drive,41749 Tennessee Trail,39,14,584,55,39,3544668413,jbentamecu@delicious.com,Español,463
464,1 Alpine Street,33666 Mesta Circle,39,17,917,29,39,6974658789,ssandifercv@stumbleupon.com,Español,464
465,229 Lakewood Lane,449 David Park,39,26,396,18,39,6966708128,rcleughercw@ed.gov,Español,465
466,7 Carpenter Terrace,44 Portage Point,39,30,30,2,39,5409840464,bovitzcx@wunderground.com,Español,466
467,44 Quincy Way,927 Truax Pass,39,6,1089,54,39,5246202076,mqueency@goo.ne.jp,Español,467
468,96367 Mariners Cove Road,08117 Bunker Hill Alley,39,8,372,33,39,1410967623,mtonnesencz@ox.ac.uk,Español,468
469,596 Ronald Regan Pass,5 Katie Point,39,9,1087,48,39,9560430336,tdadswelld0@prlog.org,Español,469
470,4 Straubel Hill,343 7th Park,39,4,482,54,39,5306790081,cgonzalvod1@cbsnews.com,Español,470
471,45 Vernon Street,399 Towne Plaza,39,22,51,22,39,6024075729,cgrinhamd2@wikispaces.com,Español,471
472,95168 Bonner Parkway,82 Pankratz Place,39,10,1062,14,39,5789014988,alittleproudd3@google.it,Español,472
473,3 Delladonna Junction,4527 Farwell Point,39,3,845,22,39,8196110345,fbowaterd4@e-recht24.de,Español,473
474,63 Thierer Park,42189 Transport Circle,39,15,1099,31,39,7305763191,dmerseyd5@spiegel.de,Español,474
475,1944 Mesta Plaza,97092 Hovde Point,39,4,117,14,39,4012371898,rowttrimd6@dot.gov,Español,475
476,148 Memorial Hill,505 Evergreen Junction,39,32,586,5,39,2135057982,mkennedyd7@census.gov,Español,476
477,55272 Londonderry Terrace,91359 East Park,39,26,333,51,39,3678949115,mculmerd8@feedburner.com,Español,477
478,55473 Eastlawn Plaza,66865 Kim Circle,39,24,940,8,39,3276424290,ulamputtd9@parallels.com,Español,478
479,90235 Claremont Point,295 Goodland Point,39,31,35,32,39,9198694876,omayersda@csmonitor.com,Español,479
480,231 Shelley Road,452 Kenwood Point,39,11,1049,53,39,8117177483,tmacpaikdb@tamu.edu,Español,480
481,9211 Talmadge Way,036 Dryden Point,39,28,847,19,39,3437673425,gwallwooddc@cmu.edu,Español,481
482,33 Talisman Road,39 Drewry Court,39,11,1093,34,39,2144602788,cshervingtondd@is.gd,Español,482
483,560 Fremont Point,9 Debs Center,39,11,349,2,39,2175313558,crestillde@arstechnica.com,Español,483
484,086 Sloan Parkway,8 North Pass,39,2,339,3,39,7465833772,kfinndf@weibo.com,Español,484
485,496 Colorado Parkway,4259 Raven Pass,39,24,710,43,39,2333717874,dburneldg@businessweek.com,Español,485
486,79500 Tomscot Way,6532 Sheridan Trail,39,22,91,25,39,7056111740,mfinnisdh@berkeley.edu,Español,486
487,708 Bluestem Place,9030 Karstens Pass,39,29,402,31,39,8834362333,lmaymanddi@sciencedaily.com,Español,487
488,8921 Hanson Parkway,03 Debs Circle,39,13,417,43,39,2376753103,pastlesdj@cdc.gov,Español,488
489,55863 Manitowish Lane,8673 Summit Center,39,13,411,26,39,2727201901,bboyingtondk@taobao.com,Español,489
490,780 Sloan Way,5 Little Fleur Court,39,10,627,5,39,4360595325,lshoebottomdl@independent.co.uk,Español,490
491,6 Cascade Park,859 Anthes Center,39,13,493,3,39,6734145797,fgarretdm@buzzfeed.com,Español,491
492,3357 Luster Junction,18497 Huxley Parkway,39,25,474,21,39,5596917669,hstaddomdn@jigsy.com,Español,492
493,24 Glendale Park,6 Morningstar Alley,39,21,582,38,39,4063775230,sbirkbeckdo@apache.org,Español,493
494,887 Judy Crossing,30430 Dakota Parkway,39,19,910,20,39,5187646509,fsammsdp@mozilla.org,Español,494
495,80 Ludington Pass,57759 Erie Plaza,39,17,890,18,39,3624293494,aballantinedq@wikipedia.org,Español,495
496,9 Loomis Junction,5 Laurel Junction,39,12,329,55,39,7468822961,hfritschmanndr@youku.com,Español,496
497,4 Esker Center,6 Moland Hill,39,14,260,1,39,8740039115,tblakemoreds@artisteer.com,Español,497
498,295 Eagle Crest Terrace,1 Schlimgen Lane,39,16,497,18,39,2189944937,jibarradt@netlog.com,Español,498
499,25 Cambridge Court,6 6th Park,39,3,1075,10,39,7116926615,amacnultydu@163.com,Español,499
500,339 Huxley Parkway,76 Lawn Court,39,7,516,30,39,4248654750,minchcombdv@deliciousdays.com,Español,500
501,49 Rockefeller Street,85214 Hauk Parkway,39,5,498,40,39,5357755812,cmenhamdw@ucoz.com,Español,501
502,69 Arkansas Parkway,1 Tennyson Place,39,22,158,20,39,5927989101,smateevdx@tumblr.com,Español,502
503,23 Pankratz Alley,4 Kenwood Trail,39,16,373,8,39,5676217010,mgheraldidy@huffingtonpost.com,Español,503
504,3938 North Plaza,104 Derek Pass,39,4,344,5,39,2931566340,awadmoredz@unesco.org,Español,504
505,7 Norway Maple Pass,684 Morrow Trail,39,12,14,16,39,8205172819,jsharpouse0@theguardian.com,Español,505
506,845 Parkside Alley,1344 Fordem Lane,39,13,179,9,39,7402936152,dbalstone1@ovh.net,Español,506
507,64 Ramsey Plaza,14250 Warner Drive,39,15,722,20,39,7239427960,bbroke2@bloomberg.com,Español,507
508,109 Brown Center,46601 Stang Parkway,39,15,838,19,39,3441137496,dhambere3@blogs.com,Español,508
509,07269 Ohio Parkway,846 Boyd Trail,39,30,131,12,39,9583314673,nbeedone4@jigsy.com,Español,509
510,69598 Havey Circle,81692 Westerfield Alley,39,29,50,44,39,5025983273,atrevethane5@jiathis.com,Español,510
511,0 Green Park,53 Loftsgordon Pass,39,4,658,1,39,3541198689,bstanelande6@wikispaces.com,Español,511
512,97 Macpherson Point,28 Hoard Way,39,25,661,35,39,5087153562,blascelle7@odnoklassniki.ru,Español,512
513,8924 Park Meadow Hill,64 Oxford Avenue,39,20,827,41,39,4978650214,cfransecoe8@cdbaby.com,Español,513
514,2864 Almo Circle,0 Prairie Rose Junction,39,19,156,32,39,2509350144,rjillette9@psu.edu,Español,514
515,8 Anderson Point,314 Loomis Court,39,33,822,10,39,3186125204,vsmitheramea@cdbaby.com,Español,515
516,8879 Elgar Pass,8202 Emmet Alley,39,5,37,2,39,1318679942,lneeshameb@topsy.com,Español,516
517,095 3rd Circle,452 Redwing Center,39,33,153,23,39,2901899153,abrewseec@google.ru,Español,517
518,10 Manufacturers Circle,010 Vernon Trail,39,20,686,41,39,2821055427,bantilled@ibm.com,Español,518
519,37 Ronald Regan Park,807 Moose Drive,39,15,132,7,39,6245836471,ndobbingee@squarespace.com,Español,519
520,2322 Daystar Crossing,0662 Shasta Drive,39,21,629,16,39,5763475424,gsloamef@google.fr,Español,520
521,9996 Rockefeller Crossing,13280 Monument Center,39,27,516,9,39,8152769251,vhavelineg@macromedia.com,Español,521
522,521 Messerschmidt Avenue,029 Mallard Road,39,15,6,34,39,5243244840,ebramleyeh@icio.us,Español,522
523,8354 Stephen Way,65248 4th Lane,39,15,486,34,39,9288193601,berrolei@cnet.com,Español,523
524,007 Fremont Pass,0112 Summit Park,39,28,972,48,39,6280991090,salvyej@drupal.org,Español,524
525,5 Mitchell Hill,06822 Anniversary Alley,39,22,810,46,39,3898383262,sbartulek@cisco.com,Español,525
526,26 Melrose Avenue,81 Melody Point,39,17,758,49,39,6434073443,lhallutel@si.edu,Español,526
527,7555 Pawling Drive,2700 Riverside Circle,39,9,179,12,39,6219657486,wkoomarem@indiatimes.com,Español,527
528,2289 Lakeland Road,02205 Stang Place,39,27,773,30,39,5646811710,jsibaryen@goo.gl,Español,528
529,8250 Arizona Drive,46 Superior Alley,39,16,503,48,39,7962308020,eshillameo@census.gov,Español,529
530,95 Melvin Pass,37 Crest Line Street,39,18,838,5,39,7695127938,sburrillep@1688.com,Español,530
531,160 Arapahoe Trail,7 Morningstar Junction,39,16,890,53,39,7962269771,gdunstoneq@businesswire.com,Español,531
532,049 Forest Run Alley,456 Mariners Cove Park,39,5,830,37,39,4396024628,kcohaneer@google.com.hk,Español,532
533,88 Scott Crossing,763 Debra Trail,39,20,207,9,39,3304772337,rmaccaugheyes@vk.com,Español,533
534,32 Grayhawk Pass,75113 Carpenter Road,39,33,207,12,39,2636735914,alarrawayet@behance.net,Español,534
535,26695 Eagan Avenue,82942 Truax Hill,39,24,56,27,39,3217268634,jpetiteu@baidu.com,Español,535
536,50 Fair Oaks Plaza,36922 Dawn Parkway,39,2,1061,14,39,2817563492,tleyreev@baidu.com,Español,536
537,1 Buell Pass,30 Sutteridge Court,39,24,311,31,39,5639641887,bmarkosew@marriott.com,Español,537
538,2 David Pass,487 Coleman Junction,39,25,648,1,39,7684386200,gcolloughex@ed.gov,Español,538
539,9799 Ridgeway Crossing,6446 Hallows Parkway,39,29,1010,3,39,1556399086,showlettey@wikispaces.com,Español,539
540,20 Mccormick Road,0 Grayhawk Park,39,24,280,18,39,4462350617,nloundsez@paginegialle.it,Español,540
541,8 Jay Alley,0749 Dennis Terrace,39,4,926,13,39,2367478290,cforsythf0@devhub.com,Español,541
542,636 Sutteridge Drive,7 Longview Way,39,9,973,36,39,1533422061,bfewlassf1@sfgate.com,Español,542
543,3 Iowa Pass,46 Lyons Avenue,39,4,769,54,39,8544159823,sbenedettinif2@youku.com,Español,543
544,0 Randy Center,83 Norway Maple Trail,39,23,758,8,39,3854330288,kcosslettf3@admin.ch,Español,544
545,874 Dayton Plaza,276 Eastwood Parkway,39,19,451,33,39,9042074042,sdunstonf4@noaa.gov,Español,545
546,99 Sommers Court,05985 Rowland Junction,39,29,427,25,39,2504102411,aeltringhamf5@webnode.com,Español,546
547,2 Jay Lane,43 West Place,39,32,236,38,39,8079404832,zfitchetf6@phoca.cz,Español,547
548,0601 Eagle Crest Parkway,40 Superior Junction,39,30,556,33,39,8591032967,hmacgeffenf7@uol.com.br,Español,548
549,5040 Redwing Trail,82 High Crossing Lane,39,21,442,9,39,4016139504,aselbachf8@alibaba.com,Español,549
550,0831 Mcbride Road,0 Colorado Crossing,39,10,229,22,39,5130606965,crothschildf9@dedecms.com,Español,550
551,1284 Bultman Pass,9 Eastlawn Circle,39,19,3,42,39,8045485933,cmagarrellfa@mozilla.org,Español,551
552,1 Spenser Park,241 Continental Point,39,19,614,28,39,3142179344,pblackallerfb@apache.org,Español,552
553,501 Green Terrace,68057 Prairie Rose Center,39,8,1052,34,39,9857515282,cdufffc@posterous.com,Español,553
554,22150 Bobwhite Center,79 Hansons Junction,39,7,687,5,39,6782388540,aromneyfd@bloomberg.com,Español,554
555,70193 Del Sol Way,69 Kinsman Street,39,22,9,12,39,8850874007,rkearnsfe@slate.com,Español,555
556,9751 Lakewood Junction,2 Independence Hill,39,16,807,19,39,4201198876,skidnerff@timesonline.co.uk,Español,556
557,41 Village Alley,82924 Packers Place,39,14,317,37,39,1672068686,cpratonfg@flavors.me,Español,557
558,9151 Eastlawn Drive,2711 Sachtjen Center,39,5,272,37,39,7762868719,dfriattfh@nasa.gov,Español,558
559,13793 Northfield Lane,3 Milwaukee Parkway,39,12,632,31,39,9022602548,mrodgerfi@reference.com,Español,559
560,3 Center Circle,0 Stephen Park,39,33,40,26,39,5064095841,atownesfj@google.com.br,Español,560
561,851 Springview Lane,5 Rigney Street,39,8,426,34,39,9216747362,mbeddiefk@vistaprint.com,Español,561
562,04005 Lighthouse Bay Crossing,09 Old Gate Point,39,18,390,23,39,2265284504,jkilohfl@cnn.com,Español,562
563,30697 Kropf Road,79748 Sullivan Center,39,10,639,49,39,5517184675,sgoodissonfm@mit.edu,Español,563
564,831 Londonderry Center,7715 Darwin Way,39,4,797,4,39,5117269070,lchambersfn@amazon.com,Español,564
565,89 Hagan Park,81156 Scofield Center,39,26,383,16,39,4207667489,kbaalfo@zdnet.com,Español,565
566,503 Prentice Pass,81 Mockingbird Plaza,39,6,1025,47,39,5800250660,lbaudifp@va.gov,Español,566
567,9 Lerdahl Place,8 Bunting Parkway,39,31,238,5,39,2541432412,bguerrierfq@webmd.com,Español,567
568,08 Holy Cross Hill,9921 Shelley Junction,39,4,522,3,39,6716202766,mcressorfr@odnoklassniki.ru,Español,568
569,609 Heffernan Way,78 Lakewood Gardens Crossing,39,31,160,8,39,1840967426,aoswalfs@elegantthemes.com,Español,569
570,10 Schurz Circle,88633 Carberry Avenue,39,20,823,23,39,8380665564,dhadcroftft@java.com,Español,570
571,53 Troy Avenue,39 Merry Street,39,11,344,39,39,8029328136,jgastickefu@economist.com,Español,571
572,8283 Marcy Place,7 Oak Terrace,39,13,407,5,39,8444348932,rruprechtfv@amazon.com,Español,572
573,026 Stoughton Alley,67 Burning Wood Place,39,8,673,39,39,2363907321,nwoodallfw@theglobeandmail.com,Español,573
574,76 Tomscot Trail,1847 Monterey Park,39,4,944,11,39,7761852899,maimefx@shareasale.com,Español,574
575,578 Bashford Road,7 Katie Alley,39,25,913,41,39,4107535715,vmacleesefy@upenn.edu,Español,575
576,37687 Reindahl Park,124 Bay Place,39,28,321,32,39,4121717319,rbaccupfz@hostgator.com,Español,576
577,3974 Northwestern Crossing,30 Center Junction,39,14,570,30,39,2260972929,aballingalg0@java.com,Español,577
578,3 Blaine Alley,9 Sunbrook Park,39,31,1112,2,39,9432095825,twaltersg1@dropbox.com,Español,578
579,8 Coleman Alley,71216 Darwin Point,39,12,548,24,39,5362700990,zbunchg2@ox.ac.uk,Español,579
580,9131 Basil Parkway,0 Talisman Hill,39,22,421,34,39,6316000503,cbirkg3@umn.edu,Español,580
581,8 Corry Crossing,6728 Stang Crossing,39,28,454,41,39,3923040838,lbattlestoneg4@soup.io,Español,581
582,15411 Loomis Terrace,7481 Porter Point,39,9,17,42,39,4347717435,agatecliffeg5@umich.edu,Español,582
583,35 Macpherson Street,1023 Hoffman Trail,39,19,546,47,39,7435272179,etayloeg6@hhs.gov,Español,583
584,83 Dahle Avenue,42 Esker Lane,39,28,535,35,39,4755941923,dlongog7@aboutads.info,Español,584
585,421 Twin Pines Street,834 Mayer Park,39,2,159,42,39,2005888194,aebenezerg8@nyu.edu,Español,585
586,6056 Caliangt Park,769 Messerschmidt Circle,39,18,634,22,39,1350549520,dsalthouseg9@xing.com,Español,586
587,1 Park Meadow Terrace,56 Hallows Place,39,1,23,55,39,2105282787,wblazhevichga@reuters.com,Español,587
588,92167 Portage Junction,39054 Butterfield Center,39,18,35,8,39,2136250557,cbuggsgb@cisco.com,Español,588
589,715 Declaration Way,30766 Johnson Place,39,19,641,44,39,7882826877,lstothardgc@1und1.de,Español,589
590,8801 Commercial Trail,221 1st Circle,39,22,524,9,39,3504951497,abenoygd@usda.gov,Español,590
591,86 Union Drive,6913 Union Street,39,10,657,16,39,3186701555,hshacklefordge@blinklist.com,Español,591
592,40934 Pawling Pass,70064 Lakewood Gardens Park,39,13,718,30,39,1956615515,jsowersbygf@wiley.com,Español,592
593,3935 Morning Trail,77449 Luster Center,39,3,142,24,39,9613219760,dudallgg@reverbnation.com,Español,593
594,4 Paget Avenue,58088 Forest Alley,39,32,113,37,39,6164730171,nbendiggh@imgur.com,Español,594
595,23 Mosinee Park,29147 Butterfield Point,39,32,617,46,39,8435316959,scagegi@netscape.com,Español,595
596,3 Manitowish Trail,89057 Columbus Trail,39,17,383,33,39,7729277873,fhealinggj@ycombinator.com,Español,596
597,11 Claremont Street,22157 Orin Center,39,18,472,37,39,5374407993,cmaclardiegk@qq.com,Español,597
598,16438 Portage Avenue,2 Kim Pass,39,24,36,37,39,7480285964,sbenzinggl@webmd.com,Español,598
599,1973 Northview Place,91 Crescent Oaks Parkway,39,30,460,23,39,3706578407,dkilbridegm@de.vu,Español,599
600,0 Chive Parkway,38302 3rd Road,39,27,370,7,39,1751773471,scomellinign@seesaa.net,Español,600
601,7 Delaware Drive,39904 Butterfield Crossing,39,13,300,16,39,7574590580,ccollickgo@slideshare.net,Español,601
602,27511 Ridgeway Street,9876 Doe Crossing Crossing,39,1,108,39,39,2131924343,cschrirengp@tiny.cc,Español,602
603,8136 Chive Trail,633 Starling Trail,39,12,184,6,39,3867945558,jtheisgq@last.fm,Español,603
604,8 Colorado Lane,4222 2nd Lane,39,7,732,8,39,5897757850,tandrusovgr@elpais.com,Español,604
605,9726 Eagle Crest Parkway,37017 Thackeray Circle,39,15,733,47,39,1707425981,hhewinsgs@washingtonpost.com,Español,605
606,5 Welch Crossing,477 Sherman Parkway,39,9,308,43,39,8997071319,wsemoradgt@t-online.de,Español,606
607,18562 Namekagon Trail,39 La Follette Road,39,27,672,41,39,7730865925,pkaufmangu@yolasite.com,Español,607
608,5 Mallard Parkway,17413 Milwaukee Road,39,31,839,44,39,2737971804,mcurlegv@ovh.net,Español,608
609,60456 Oneill Trail,409 Marcy Street,39,4,988,50,39,6618580599,nbenardettegw@sogou.com,Español,609
610,2295 Little Fleur Drive,886 Lindbergh Court,39,30,531,11,39,9916665148,gbuzingx@state.tx.us,Español,610
611,1695 Orin Point,07741 Gateway Center,39,22,965,43,39,6722028457,mhillsgy@princeton.edu,Español,611
612,07003 Park Meadow Crossing,0595 Darwin Lane,39,14,1100,49,39,6210064945,kadamovitchgz@who.int,Español,612
613,59897 Pennsylvania Court,29641 Sullivan Road,39,32,350,19,39,6641346080,nlandreh0@webmd.com,Español,613
614,57814 Reindahl Drive,1321 Grim Point,39,4,859,20,39,5125963702,srawlynsh1@google.com.au,Español,614
615,2 Fisk Hill,40230 Manley Point,39,26,685,55,39,6009802781,wdoucheh2@miitbeian.gov.cn,Español,615
616,2 Hanson Place,14834 Eagle Crest Alley,39,5,461,48,39,7429865935,bkimminceh3@sourceforge.net,Español,616
617,34832 Oak Alley,65945 Coleman Road,39,15,715,36,39,4328406578,jcolleckh4@myspace.com,Español,617
618,34 Lindbergh Plaza,975 Clemons Hill,39,30,250,31,39,6842474021,sknobellh5@uiuc.edu,Español,618
619,2002 Esch Parkway,37 Sunfield Road,39,6,663,22,39,7158625152,dbouldonh6@arizona.edu,Español,619
620,29 Hoepker Terrace,0252 Gulseth Point,39,3,261,9,39,1349514226,zbegbieh7@slate.com,Español,620
621,3880 Darwin Road,80803 Elgar Alley,39,17,232,27,39,9813236291,cdenkelh8@histats.com,Español,621
622,96225 Grayhawk Plaza,54106 Mallory Junction,39,9,385,4,39,5563673796,slhommeeh9@naver.com,Español,622
623,14387 Bonner Road,26134 Duke Park,39,10,1003,32,39,5045781179,sstubbleyha@digg.com,Español,623
624,04187 Esch Avenue,4 Clarendon Plaza,39,30,988,8,39,2449475472,zratcliffehb@addtoany.com,Español,624
625,6 Victoria Parkway,671 Lakewood Crossing,39,2,1116,10,39,3585750592,ggrimwoodhc@ameblo.jp,Español,625
626,90832 Straubel Lane,5 Clarendon Avenue,39,20,1079,52,39,6469284849,elomenhd@cocolog-nifty.com,Español,626
627,6297 Farmco Way,48131 Clyde Gallagher Place,39,7,408,51,39,4056381214,ahogbinhe@cmu.edu,Español,627
628,5 Gerald Road,40 Lerdahl Alley,39,8,266,3,39,7490791435,ljeannonhf@sogou.com,Español,628
629,14 Village Green Court,3747 Glacier Hill Park,39,11,71,45,39,7857967599,jdeenerhg@ed.gov,Español,629
630,9758 Lighthouse Bay Lane,0 Dawn Hill,39,16,538,46,39,2612412330,hthornberhh@facebook.com,Español,630
631,9796 Thierer Park,19 Nelson Street,39,22,448,14,39,3018940911,hgatheralhi@cnbc.com,Español,631
632,2203 International Junction,42102 Amoth Plaza,39,11,893,33,39,2857435001,dtathamhj@technorati.com,Español,632
633,31 Sloan Circle,9237 Jenna Street,39,28,224,18,39,9433658401,aplanehk@goo.gl,Español,633
634,539 Corben Circle,006 Old Shore Trail,39,18,908,37,39,8598852192,uszapirohl@howstuffworks.com,Español,634
635,89030 Mitchell Court,94 Bobwhite Junction,39,19,128,4,39,9912363835,mtwelveshm@cbsnews.com,Español,635
636,4421 Kensington Lane,47910 Katie Way,39,26,203,34,39,6876313423,eclamphn@ted.com,Español,636
637,9 Corry Park,04196 Vahlen Lane,39,2,679,18,39,4781363577,dmaccaffertyho@theatlantic.com,Español,637
638,27488 Melrose Street,71 Grasskamp Park,39,27,248,23,39,8333128657,hcullneanhp@wiley.com,Español,638
639,1189 Warrior Terrace,7 Petterle Drive,39,5,913,45,39,5931858439,nstreathq@sakura.ne.jp,Español,639
640,073 Sherman Drive,126 Northwestern Crossing,39,11,797,20,39,5369032925,rcolbrunhr@163.com,Español,640
641,7729 American Ash Court,87 Logan Parkway,39,13,437,47,39,4794266820,ckeayhs@cnbc.com,Español,641
642,78927 Ridgeview Way,350 Northport Drive,39,25,901,25,39,3388198721,pkettemanht@myspace.com,Español,642
643,023 Sachs Point,0983 Hoard Alley,39,27,134,12,39,4450437811,rtidswellhu@marketwatch.com,Español,643
644,9 Northland Place,9559 Packers Drive,39,13,525,38,39,1682980347,lspradbrowhv@boston.com,Español,644
645,33 Utah Alley,7 Tomscot Trail,39,21,1011,33,39,9267442148,bjerrolthw@wix.com,Español,645
646,11836 Nobel Plaza,870 Arkansas Road,39,16,550,12,39,5600166286,bwhottonhx@msu.edu,Español,646
647,6866 Sachtjen Terrace,806 Petterle Pass,39,33,881,23,39,1451834383,cdomeganhy@hexun.com,Español,647
648,5 Haas Plaza,227 Mccormick Way,39,11,906,28,39,4650085520,vcureehz@surveymonkey.com,Español,648
649,47771 Lunder Road,67183 Dunning Circle,39,27,238,47,39,8219235122,adantonii0@netlog.com,Español,649
650,09102 Kipling Plaza,512 Helena Point,39,19,662,3,39,8515346493,kiacobuccii1@instagram.com,Español,650
651,69 Rutledge Park,786 Claremont Parkway,39,11,353,3,39,5795841615,vsaphiri2@pinterest.com,Español,651
652,07 Pankratz Circle,6 Moulton Plaza,39,18,199,44,39,2332520446,elavissi3@prlog.org,Español,652
653,6156 Pearson Parkway,20 Alpine Trail,39,8,158,44,39,2346669092,rdominiquei4@tripod.com,Español,653
654,728 Independence Junction,4 Lukken Terrace,39,21,307,18,39,8330494519,tcasacchiai5@xing.com,Español,654
655,7 Debs Drive,06554 Commercial Way,39,28,544,42,39,1247384827,ctampioni6@xrea.com,Español,655
656,0876 Riverside Circle,103 Aberg Road,39,31,1026,12,39,4109365199,htraicei7@webeden.co.uk,Español,656
657,19 Arrowood Junction,58 Sunbrook Pass,39,26,471,5,39,8015860672,pcompfordi8@wisc.edu,Español,657
658,51 Morrow Circle,1 Harper Terrace,39,2,400,4,39,6283032485,bbrewsei9@geocities.jp,Español,658
659,06997 Manufacturers Crossing,3547 Independence Road,39,21,342,13,39,2463912940,lheinekenia@comsenz.com,Español,659
660,153 Reindahl Junction,56 Gulseth Hill,39,5,808,42,39,2685241360,cstearnib@mayoclinic.com,Español,660
661,35 Fordem Terrace,0 Veith Center,39,27,411,4,39,9045715709,cbalfreic@wix.com,Español,661
662,5 Bashford Center,6865 Rutledge Park,39,12,803,16,39,9322459824,bgoreid@jiathis.com,Español,662
663,64752 Fremont Junction,4443 5th Junction,39,9,993,7,39,8148072522,eairtonie@barnesandnoble.com,Español,663
664,4 Gerald Center,97 Rigney Place,39,20,145,23,39,8385059813,mmarjanskiif@addthis.com,Español,664
665,4 Oxford Alley,6953 Dakota Park,39,25,925,33,39,8231342117,apadkinig@pagesperso-orange.fr,Español,665
666,449 Gale Park,150 Springs Center,39,25,560,42,39,6085591452,emcmillianih@fema.gov,Español,666
667,82 Merry Avenue,0054 Hanson Alley,39,17,213,12,39,8518656525,lglencrosii@squarespace.com,Español,667
668,19046 Pleasure Plaza,7591 Oxford Terrace,39,24,744,10,39,5401979658,bhaggieij@dagondesign.com,Español,668
669,02 Steensland Trail,5 Mifflin Point,39,26,663,29,39,2575481409,cgentnerik@imgur.com,Español,669
670,2 Sachtjen Road,55132 Di Loreto Hill,39,3,23,27,39,6625365348,mjermynil@epa.gov,Español,670
671,9 Coleman Junction,8476 Mosinee Junction,39,14,237,14,39,2720614747,wcosseyim@epa.gov,Español,671
672,36219 Jackson Junction,2 Rutledge Street,39,32,877,22,39,7852292218,davenin@ed.gov,Español,672
673,1 Del Sol Alley,12041 Corry Parkway,39,4,200,33,39,6983252529,psansunio@delicious.com,Español,673
674,701 Ridgeview Drive,04 Dorton Parkway,39,19,667,26,39,4452635144,tcardinalip@nationalgeographic.com,Español,674
675,6 Gina Place,712 Straubel Plaza,39,30,1081,38,39,8542513954,cworgeiq@cisco.com,Español,675
676,00307 Browning Circle,9102 Carpenter Avenue,39,18,968,2,39,4937823093,mgerritir@illinois.edu,Español,676
677,08978 Mendota Terrace,60840 Lyons Park,39,31,1012,27,39,3562375097,jhandysideis@squarespace.com,Español,677
678,2898 Fieldstone Plaza,8837 Briar Crest Way,39,26,886,4,39,3290515344,nhilldropit@youtu.be,Español,678
679,64 Atwood Way,6308 Maryland Terrace,39,26,176,16,39,6773063720,mrubbertsiu@usnews.com,Español,679
680,846 David Crossing,23207 Merrick Street,39,33,924,10,39,4759117420,avaloisiv@whitehouse.gov,Español,680
681,86094 Carey Road,007 Mallard Terrace,39,20,517,41,39,2046197801,amccoshiw@webnode.com,Español,681
682,36947 Towne Way,606 Mandrake Terrace,39,24,101,27,39,9633897350,rstorrockix@zdnet.com,Español,682
683,45 Blaine Park,8376 Roth Circle,39,1,978,4,39,9038525636,gcrutiy@intel.com,Español,683
684,51671 Prairieview Point,5374 Hooker Place,39,7,1094,29,39,4913610524,awogdoniz@csmonitor.com,Español,684
685,52 Thackeray Terrace,306 Memorial Alley,39,7,796,7,39,6458476347,charlyj0@dropbox.com,Español,685
686,89156 Laurel Trail,33312 Shopko Center,39,8,358,32,39,7507339609,ebestimanj1@qq.com,Español,686
687,7739 Marcy Drive,2134 Tennessee Street,39,19,459,7,39,8335875785,bsanchizj2@google.com.au,Español,687
688,169 Mesta Lane,336 Cordelia Parkway,39,25,692,9,39,3390841431,bflintuffj3@livejournal.com,Español,688
689,415 Bunting Circle,2 Golf Course Plaza,39,27,502,26,39,6403392577,aellandj4@businesswire.com,Español,689
690,56828 Crest Line Alley,78 Amoth Hill,39,18,188,40,39,7601244807,sthewj5@seattletimes.com,Español,690
691,174 School Way,53 Grayhawk Point,39,31,142,10,39,5038694396,rpiperj6@t-online.de,Español,691
692,803 Shoshone Terrace,4459 Troy Crossing,39,10,334,13,39,9796465581,ftodeoj7@earthlink.net,Español,692
693,36 Lakeland Crossing,90 Lake View Point,39,10,845,33,39,6404447459,gpomphreyj8@examiner.com,Español,693
694,0893 Northland Drive,57080 Roth Trail,39,32,75,31,39,7944398289,elascellesj9@nature.com,Español,694
695,1866 Stang Crossing,2398 Sullivan Street,39,29,22,40,39,7224170093,ahennigerja@timesonline.co.uk,Español,695
696,4127 Vahlen Street,7841 Kropf Lane,39,13,333,27,39,4483135520,kritterjb@4shared.com,Español,696
697,8 Lake View Pass,342 Old Shore Crossing,39,26,446,9,39,3891581604,lyardleyjc@godaddy.com,Español,697
698,24954 Pennsylvania Trail,69110 Hagan Drive,39,4,614,50,39,3321619705,ldoonicanjd@seattletimes.com,Español,698
699,4272 Pine View Center,6 Ronald Regan Center,39,7,858,35,39,3640003237,ctissimanje@imageshack.us,Español,699
700,96037 Westport Pass,37 Daystar Center,39,29,1085,30,39,9470565993,htoombesjf@tripod.com,Español,700
