IdUsuario,IdNacionalidad,IdAnoNac,IdMes,IdDia,IdPaisNaci,IdZonaHora,IdDatosUsu,Estado
1,1,94,10,5,39,85,1,Disponible
2,1,71,12,2,39,85,2,Disponible
3,1,65,10,18,39,85,3,Disponible
4,1,71,12,5,39,85,4,Disponible
5,1,68,9,27,39,85,5,Disponible
6,1,85,4,1,39,85,6,Disponible
7,1,14,7,9,39,85,7,Disponible
8,1,63,11,24,39,85,8,Disponible
9,1,2,7,12,39,85,9,Disponible
10,1,15,7,3,39,85,10,Disponible
11,1,21,8,13,39,85,11,Disponible
12,1,4,2,16,39,85,12,Disponible
13,1,95,7,23,39,85,13,Disponible
14,1,66,6,25,39,85,14,Disponible
15,1,13,5,5,39,85,15,Disponible
16,1,45,12,27,39,85,16,Disponible
17,1,46,11,14,39,85,17,Disponible
18,1,11,7,16,39,85,18,Disponible
19,1,17,9,15,39,85,19,Disponible
20,1,82,9,18,39,85,20,Disponible
21,1,54,2,18,39,85,21,Disponible
22,1,5,8,28,39,85,22,Disponible
23,1,92,6,23,39,85,23,Disponible
24,1,47,7,23,39,85,24,Disponible
25,1,95,5,14,39,85,25,Disponible
26,1,13,12,9,39,85,26,Disponible
27,1,60,1,6,39,85,27,Disponible
28,1,12,4,30,39,85,28,Disponible
29,1,2,11,15,39,85,29,Disponible
30,1,78,4,3,39,85,30,Disponible
31,1,75,2,15,39,85,31,Disponible
32,1,94,7,14,39,85,32,Disponible
33,1,70,11,23,39,85,33,Disponible
34,1,43,4,14,39,85,34,Disponible
35,1,77,9,20,39,85,35,Disponible
36,1,12,11,14,39,85,36,Disponible
37,1,74,9,3,39,85,37,Disponible
38,1,16,10,4,39,85,38,Disponible
39,1,79,4,29,39,85,39,Disponible
40,1,62,8,3,39,85,40,Disponible
41,1,24,5,4,39,85,41,Disponible
42,1,3,7,15,39,85,42,Disponible
43,1,81,9,10,39,85,43,Disponible
44,1,63,9,21,39,85,44,Disponible
45,1,16,3,30,39,85,45,Disponible
46,1,41,3,14,39,85,46,Disponible
47,1,91,9,4,39,85,47,Disponible
48,1,13,2,10,39,85,48,Disponible
49,1,44,11,28,39,85,49,Disponible
50,1,40,8,7,39,85,50,Disponible
51,1,91,9,26,39,85,51,Disponible
52,1,71,12,17,39,85,52,Disponible
53,1,19,3,3,39,85,53,Disponible
54,1,57,6,21,39,85,54,Disponible
55,1,5,2,19,39,85,55,Disponible
56,1,62,8,12,39,85,56,Disponible
57,1,93,5,23,39,85,57,Disponible
58,1,77,7,11,39,85,58,Disponible
59,1,24,12,24,39,85,59,Disponible
60,1,24,7,6,39,85,60,Disponible
61,1,90,10,29,39,85,61,Disponible
62,1,13,10,10,39,85,62,Disponible
63,1,48,4,9,39,85,63,Disponible
64,1,65,2,4,39,85,64,Disponible
65,1,68,1,24,39,85,65,Disponible
66,1,74,10,30,39,85,66,Disponible
67,1,10,10,16,39,85,67,Disponible
68,1,3,3,13,39,85,68,Disponible
69,1,53,11,14,39,85,69,Disponible
70,1,50,1,9,39,85,70,Disponible
71,1,12,5,24,39,85,71,Disponible
72,1,38,3,6,39,85,72,Disponible
73,1,30,1,4,39,85,73,Disponible
74,1,49,4,10,39,85,74,Disponible
75,1,87,12,1,39,85,75,Disponible
76,1,89,5,1,39,85,76,Disponible
77,1,24,11,9,39,85,77,Disponible
78,1,79,10,14,39,85,78,Disponible
79,1,85,2,18,39,85,79,Disponible
80,1,26,3,17,39,85,80,Disponible
81,1,94,3,20,39,85,81,Disponible
82,1,93,11,13,39,85,82,Disponible
83,1,2,1,4,39,85,83,Disponible
84,1,3,4,13,39,85,84,Disponible
85,1,48,2,24,39,85,85,Disponible
86,1,93,11,15,39,85,86,Disponible
87,1,49,9,18,39,85,87,Disponible
88,1,2,12,5,39,85,88,Disponible
89,1,48,9,21,39,85,89,Disponible
90,1,56,2,22,39,85,90,Disponible
91,1,12,4,18,39,85,91,Disponible
92,1,57,5,1,39,85,92,Disponible
93,1,21,10,14,39,85,93,Disponible
94,1,90,12,15,39,85,94,Disponible
95,1,71,2,7,39,85,95,Disponible
96,1,43,12,22,39,85,96,Disponible
97,1,66,2,10,39,85,97,Disponible
98,1,99,5,12,39,85,98,Disponible
99,1,21,2,23,39,85,99,Disponible
100,1,45,12,12,39,85,100,Disponible
101,1,78,3,9,39,85,101,Disponible
102,1,84,4,1,39,85,102,Disponible
103,1,83,8,24,39,85,103,Disponible
104,1,90,6,30,39,85,104,Disponible
105,1,8,1,21,39,85,105,Disponible
106,1,90,12,12,39,85,106,Disponible
107,1,21,2,18,39,85,107,Disponible
108,1,32,10,25,39,85,108,Disponible
109,1,69,7,21,39,85,109,Disponible
110,1,95,1,23,39,85,110,Disponible
111,1,60,2,16,39,85,111,Disponible
112,1,97,3,17,39,85,112,Disponible
113,1,47,7,13,39,85,113,Disponible
114,1,85,1,19,39,85,114,Disponible
115,1,15,10,15,39,85,115,Disponible
116,1,97,2,3,39,85,116,Disponible
117,1,91,4,20,39,85,117,Disponible
118,1,88,6,26,39,85,118,Disponible
119,1,44,1,28,39,85,119,Disponible
120,1,29,9,17,39,85,120,Disponible
121,1,46,7,5,39,85,121,Disponible
122,1,17,11,26,39,85,122,Disponible
123,1,10,1,24,39,85,123,Disponible
124,1,84,8,12,39,85,124,Disponible
125,1,73,12,2,39,85,125,Disponible
126,1,58,6,18,39,85,126,Disponible
127,1,61,9,10,39,85,127,Disponible
128,1,90,10,30,39,85,128,Disponible
129,1,35,2,25,39,85,129,Disponible
130,1,73,6,27,39,85,130,Disponible
131,1,19,2,28,39,85,131,Disponible
132,1,61,8,20,39,85,132,Disponible
133,1,7,9,3,39,85,133,Disponible
134,1,18,12,3,39,85,134,Disponible
135,1,27,8,12,39,85,135,Disponible
136,1,52,9,8,39,85,136,Disponible
137,1,22,10,2,39,85,137,Disponible
138,1,87,7,19,39,85,138,Disponible
139,1,43,8,6,39,85,139,Disponible
140,1,88,9,13,39,85,140,Disponible
141,1,26,12,14,39,85,141,Disponible
142,1,48,1,18,39,85,142,Disponible
143,1,66,3,25,39,85,143,Disponible
144,1,73,4,15,39,85,144,Disponible
145,1,17,1,8,39,85,145,Disponible
146,1,73,3,16,39,85,146,Disponible
147,1,44,5,22,39,85,147,Disponible
148,1,54,9,12,39,85,148,Disponible
149,1,26,2,26,39,85,149,Disponible
150,1,54,7,30,39,85,150,Disponible
151,1,33,8,10,39,85,151,Disponible
152,1,5,2,9,39,85,152,Disponible
153,1,19,9,24,39,85,153,Disponible
154,1,78,10,8,39,85,154,Disponible
155,1,26,4,17,39,85,155,Disponible
156,1,5,2,4,39,85,156,Disponible
157,1,54,5,22,39,85,157,Disponible
158,1,46,2,26,39,85,158,Disponible
159,1,4,2,11,39,85,159,Disponible
160,1,48,12,1,39,85,160,Disponible
161,1,14,1,12,39,85,161,Disponible
162,1,78,5,20,39,85,162,Disponible
163,1,25,6,28,39,85,163,Disponible
164,1,43,10,13,39,85,164,Disponible
165,1,23,6,16,39,85,165,Disponible
166,1,17,9,20,39,85,166,Disponible
167,1,77,11,22,39,85,167,Disponible
168,1,72,3,2,39,85,168,Disponible
169,1,81,2,6,39,85,169,Disponible
170,1,75,4,4,39,85,170,Disponible
171,1,15,5,19,39,85,171,Disponible
172,1,53,1,14,39,85,172,Disponible
173,1,29,12,15,39,85,173,Disponible
174,1,46,9,10,39,85,174,Disponible
175,1,37,3,16,39,85,175,Disponible
176,1,17,6,30,39,85,176,Disponible
177,1,74,12,28,39,85,177,Disponible
178,1,68,5,23,39,85,178,Disponible
179,1,71,11,6,39,85,179,Disponible
180,1,12,10,17,39,85,180,Disponible
181,1,53,7,14,39,85,181,Disponible
182,1,11,4,28,39,85,182,Disponible
183,1,47,7,10,39,85,183,Disponible
184,1,60,1,4,39,85,184,Disponible
185,1,91,12,3,39,85,185,Disponible
186,1,3,2,16,39,85,186,Disponible
187,1,6,9,3,39,85,187,Disponible
188,1,26,4,17,39,85,188,Disponible
189,1,47,6,17,39,85,189,Disponible
190,1,54,11,6,39,85,190,Disponible
191,1,5,2,17,39,85,191,Disponible
192,1,97,1,26,39,85,192,Disponible
193,1,21,6,8,39,85,193,Disponible
194,1,17,3,11,39,85,194,Disponible
195,1,19,3,28,39,85,195,Disponible
196,1,14,11,1,39,85,196,Disponible
197,1,67,12,28,39,85,197,Disponible
198,1,18,10,9,39,85,198,Disponible
199,1,72,3,16,39,85,199,Disponible
200,1,53,1,10,39,85,200,Disponible
201,1,25,7,27,39,85,201,Disponible
202,1,74,4,20,39,85,202,Disponible
203,1,72,8,14,39,85,203,Disponible
204,1,98,8,8,39,85,204,Disponible
205,1,85,5,10,39,85,205,Disponible
206,1,36,5,10,39,85,206,Disponible
207,1,27,11,1,39,85,207,Disponible
208,1,54,12,24,39,85,208,Disponible
209,1,52,10,13,39,85,209,Disponible
210,1,35,9,1,39,85,210,Disponible
211,1,83,7,5,39,85,211,Disponible
212,1,25,10,27,39,85,212,Disponible
213,1,98,1,25,39,85,213,Disponible
214,1,55,12,1,39,85,214,Disponible
215,1,54,7,4,39,85,215,Disponible
216,1,2,12,15,39,85,216,Disponible
217,1,93,12,17,39,85,217,Disponible
218,1,45,7,22,39,85,218,Disponible
219,1,9,12,29,39,85,219,Disponible
220,1,80,6,22,39,85,220,Disponible
221,1,21,2,17,39,85,221,Disponible
222,1,33,6,12,39,85,222,Disponible
223,1,4,9,24,39,85,223,Disponible
224,1,54,4,10,39,85,224,Disponible
225,1,2,5,18,39,85,225,Disponible
226,1,89,10,6,39,85,226,Disponible
227,1,4,11,20,39,85,227,Disponible
228,1,83,4,26,39,85,228,Disponible
229,1,90,5,22,39,85,229,Disponible
230,1,54,6,15,39,85,230,Disponible
231,1,86,11,23,39,85,231,Disponible
232,1,54,11,8,39,85,232,Disponible
233,1,35,9,19,39,85,233,Disponible
234,1,18,1,30,39,85,234,Disponible
235,1,45,1,3,39,85,235,Disponible
236,1,96,4,20,39,85,236,Disponible
237,1,88,10,22,39,85,237,Disponible
238,1,96,3,27,39,85,238,Disponible
239,1,53,3,16,39,85,239,Disponible
240,1,42,9,22,39,85,240,Disponible
241,1,72,1,5,39,85,241,Disponible
242,1,50,6,1,39,85,242,Disponible
243,1,28,11,10,39,85,243,Disponible
244,1,65,11,9,39,85,244,Disponible
245,1,38,6,28,39,85,245,Disponible
246,1,46,8,7,39,85,246,Disponible
247,1,26,10,26,39,85,247,Disponible
248,1,99,3,29,39,85,248,Disponible
249,1,91,5,9,39,85,249,Disponible
250,1,32,8,9,39,85,250,Disponible
251,1,93,5,15,39,85,251,Disponible
252,1,82,5,6,39,85,252,Disponible
253,1,87,1,30,39,85,253,Disponible
254,1,65,10,8,39,85,254,Disponible
255,1,92,7,13,39,85,255,Disponible
256,1,31,2,21,39,85,256,Disponible
257,1,39,3,16,39,85,257,Disponible
258,1,85,6,14,39,85,258,Disponible
259,1,66,11,30,39,85,259,Disponible
260,1,85,10,25,39,85,260,Disponible
261,1,19,5,23,39,85,261,Disponible
262,1,8,12,3,39,85,262,Disponible
263,1,86,5,18,39,85,263,Disponible
264,1,21,4,7,39,85,264,Disponible
265,1,43,12,26,39,85,265,Disponible
266,1,31,1,2,39,85,266,Disponible
267,1,21,11,19,39,85,267,Disponible
268,1,21,7,3,39,85,268,Disponible
269,1,37,7,11,39,85,269,Disponible
270,1,86,2,19,39,85,270,Disponible
271,1,60,11,13,39,85,271,Disponible
272,1,94,7,25,39,85,272,Disponible
273,1,20,9,9,39,85,273,Disponible
274,1,36,7,5,39,85,274,Disponible
275,1,34,9,28,39,85,275,Disponible
276,1,80,3,15,39,85,276,Disponible
277,1,58,11,23,39,85,277,Disponible
278,1,25,7,26,39,85,278,Disponible
279,1,96,2,18,39,85,279,Disponible
280,1,95,9,26,39,85,280,Disponible
281,1,90,11,24,39,85,281,Disponible
282,1,49,8,27,39,85,282,Disponible
283,1,71,3,7,39,85,283,Disponible
284,1,79,1,16,39,85,284,Disponible
285,1,95,3,4,39,85,285,Disponible
286,1,57,9,6,39,85,286,Disponible
287,1,66,1,2,39,85,287,Disponible
288,1,47,1,25,39,85,288,Disponible
289,1,37,9,30,39,85,289,Disponible
290,1,59,9,17,39,85,290,Disponible
291,1,96,11,22,39,85,291,Disponible
292,1,57,5,24,39,85,292,Disponible
293,1,33,8,3,39,85,293,Disponible
294,1,16,1,25,39,85,294,Disponible
295,1,74,4,26,39,85,295,Disponible
296,1,14,10,11,39,85,296,Disponible
297,1,71,6,3,39,85,297,Disponible
298,1,35,7,22,39,85,298,Disponible
299,1,26,1,9,39,85,299,Disponible
300,1,39,1,23,39,85,300,Disponible
301,1,81,1,26,39,85,301,Disponible
302,1,64,7,3,39,85,302,Disponible
303,1,15,4,23,39,85,303,Disponible
304,1,77,4,23,39,85,304,Disponible
305,1,76,7,22,39,85,305,Disponible
306,1,61,9,19,39,85,306,Disponible
307,1,46,9,5,39,85,307,Disponible
308,1,85,9,15,39,85,308,Disponible
309,1,25,5,27,39,85,309,Disponible
310,1,24,3,14,39,85,310,Disponible
311,1,99,5,22,39,85,311,Disponible
312,1,67,10,3,39,85,312,Disponible
313,1,26,12,2,39,85,313,Disponible
314,1,14,12,12,39,85,314,Disponible
315,1,16,3,3,39,85,315,Disponible
316,1,59,12,12,39,85,316,Disponible
317,1,61,8,27,39,85,317,Disponible
318,1,11,11,26,39,85,318,Disponible
319,1,7,9,14,39,85,319,Disponible
320,1,47,5,9,39,85,320,Disponible
321,1,53,3,27,39,85,321,Disponible
322,1,28,4,26,39,85,322,Disponible
323,1,89,5,16,39,85,323,Disponible
324,1,56,3,14,39,85,324,Disponible
325,1,94,8,3,39,85,325,Disponible
326,1,39,12,7,39,85,326,Disponible
327,1,72,2,12,39,85,327,Disponible
328,1,67,5,27,39,85,328,Disponible
329,1,18,5,3,39,85,329,Disponible
330,1,22,1,26,39,85,330,Disponible
331,1,5,1,30,39,85,331,Disponible
332,1,68,12,20,39,85,332,Disponible
333,1,77,5,27,39,85,333,Disponible
334,1,2,12,2,39,85,334,Disponible
335,1,37,2,4,39,85,335,Disponible
336,1,55,8,24,39,85,336,Disponible
337,1,27,10,19,39,85,337,Disponible
338,1,1,12,26,39,85,338,Disponible
339,1,52,2,20,39,85,339,Disponible
340,1,15,12,10,39,85,340,Disponible
341,1,13,5,3,39,85,341,Disponible
342,1,55,8,24,39,85,342,Disponible
343,1,85,10,9,39,85,343,Disponible
344,1,96,5,12,39,85,344,Disponible
345,1,77,4,27,39,85,345,Disponible
346,1,79,10,6,39,85,346,Disponible
347,1,56,12,18,39,85,347,Disponible
348,1,72,6,6,39,85,348,Disponible
349,1,94,5,24,39,85,349,Disponible
350,1,55,10,10,39,85,350,Disponible
351,1,37,10,25,39,85,351,Disponible
352,1,68,3,14,39,85,352,Disponible
353,1,80,9,24,39,85,353,Disponible
354,1,82,2,15,39,85,354,Disponible
355,1,24,8,12,39,85,355,Disponible
356,1,56,4,14,39,85,356,Disponible
357,1,81,6,27,39,85,357,Disponible
358,1,76,10,27,39,85,358,Disponible
359,1,48,12,3,39,85,359,Disponible
360,1,80,10,15,39,85,360,Disponible
361,1,93,11,28,39,85,361,Disponible
362,1,89,3,17,39,85,362,Disponible
363,1,5,4,27,39,85,363,Disponible
364,1,83,10,16,39,85,364,Disponible
365,1,70,1,28,39,85,365,Disponible
366,1,61,1,25,39,85,366,Disponible
367,1,35,7,4,39,85,367,Disponible
368,1,53,8,15,39,85,368,Disponible
369,1,86,12,1,39,85,369,Disponible
370,1,61,2,27,39,85,370,Disponible
371,1,38,9,15,39,85,371,Disponible
372,1,23,2,14,39,85,372,Disponible
373,1,34,12,28,39,85,373,Disponible
374,1,21,7,18,39,85,374,Disponible
375,1,18,8,5,39,85,375,Disponible
376,1,43,2,1,39,85,376,Disponible
377,1,48,11,14,39,85,377,Disponible
378,1,45,8,4,39,85,378,Disponible
379,1,70,8,1,39,85,379,Disponible
380,1,34,2,15,39,85,380,Disponible
381,1,78,1,12,39,85,381,Disponible
382,1,73,8,14,39,85,382,Disponible
383,1,66,2,1,39,85,383,Disponible
384,1,73,8,18,39,85,384,Disponible
385,1,9,6,6,39,85,385,Disponible
386,1,30,3,4,39,85,386,Disponible
387,1,44,2,7,39,85,387,Disponible
388,1,92,10,8,39,85,388,Disponible
389,1,55,9,20,39,85,389,Disponible
390,1,55,4,16,39,85,390,Disponible
391,1,51,10,26,39,85,391,Disponible
392,1,31,2,8,39,85,392,Disponible
393,1,29,5,20,39,85,393,Disponible
394,1,64,6,26,39,85,394,Disponible
395,1,99,2,27,39,85,395,Disponible
396,1,86,10,30,39,85,396,Disponible
397,1,10,6,8,39,85,397,Disponible
398,1,25,3,6,39,85,398,Disponible
399,1,14,7,10,39,85,399,Disponible
400,1,93,9,25,39,85,400,Disponible
401,1,31,2,20,39,85,401,Disponible
402,1,31,11,2,39,85,402,Disponible
403,1,62,12,24,39,85,403,Disponible
404,1,84,4,28,39,85,404,Disponible
405,1,39,9,1,39,85,405,Disponible
406,1,78,1,16,39,85,406,Disponible
407,1,4,2,16,39,85,407,Disponible
408,1,68,4,30,39,85,408,Disponible
409,1,99,8,9,39,85,409,Disponible
410,1,84,2,20,39,85,410,Disponible
411,1,5,7,5,39,85,411,Disponible
412,1,43,9,11,39,85,412,Disponible
413,1,54,12,28,39,85,413,Disponible
414,1,44,10,8,39,85,414,Disponible
415,1,4,5,12,39,85,415,Disponible
416,1,96,4,30,39,85,416,Disponible
417,1,52,1,3,39,85,417,Disponible
418,1,84,3,27,39,85,418,Disponible
419,1,57,2,15,39,85,419,Disponible
420,1,42,10,16,39,85,420,Disponible
421,1,37,9,29,39,85,421,Disponible
422,1,71,5,28,39,85,422,Disponible
423,1,30,6,3,39,85,423,Disponible
424,1,41,1,15,39,85,424,Disponible
425,1,61,1,25,39,85,425,Disponible
426,1,41,1,8,39,85,426,Disponible
427,1,51,10,13,39,85,427,Disponible
428,1,9,4,23,39,85,428,Disponible
429,1,78,2,7,39,85,429,Disponible
430,1,97,5,29,39,85,430,Disponible
431,1,68,9,30,39,85,431,Disponible
432,1,29,12,21,39,85,432,Disponible
433,1,63,4,1,39,85,433,Disponible
434,1,14,6,8,39,85,434,Disponible
435,1,88,11,9,39,85,435,Disponible
436,1,7,10,20,39,85,436,Disponible
437,1,55,11,19,39,85,437,Disponible
438,1,56,5,7,39,85,438,Disponible
439,1,58,2,5,39,85,439,Disponible
440,1,97,8,17,39,85,440,Disponible
441,1,25,12,17,39,85,441,Disponible
442,1,16,9,11,39,85,442,Disponible
443,1,87,5,4,39,85,443,Disponible
444,1,96,6,22,39,85,444,Disponible
445,1,90,12,10,39,85,445,Disponible
446,1,9,1,22,39,85,446,Disponible
447,1,37,5,7,39,85,447,Disponible
448,1,25,4,4,39,85,448,Disponible
449,1,22,5,22,39,85,449,Disponible
450,1,70,5,4,39,85,450,Disponible
451,1,70,2,23,39,85,451,Disponible
452,1,84,2,27,39,85,452,Disponible
453,1,34,7,9,39,85,453,Disponible
454,1,77,8,11,39,85,454,Disponible
455,1,78,10,15,39,85,455,Disponible
456,1,80,4,14,39,85,456,Disponible
457,1,98,8,29,39,85,457,Disponible
458,1,84,6,9,39,85,458,Disponible
459,1,30,12,29,39,85,459,Disponible
460,1,66,3,15,39,85,460,Disponible
461,1,7,5,17,39,85,461,Disponible
462,1,55,10,19,39,85,462,Disponible
463,1,34,9,25,39,85,463,Disponible
464,1,19,5,13,39,85,464,Disponible
465,1,99,12,2,39,85,465,Disponible
466,1,18,7,19,39,85,466,Disponible
467,1,51,2,5,39,85,467,Disponible
468,1,64,9,19,39,85,468,Disponible
469,1,10,7,9,39,85,469,Disponible
470,1,79,9,6,39,85,470,Disponible
471,1,27,7,8,39,85,471,Disponible
472,1,7,2,5,39,85,472,Disponible
473,1,30,5,9,39,85,473,Disponible
474,1,4,7,21,39,85,474,Disponible
475,1,15,5,26,39,85,475,Disponible
476,1,98,10,12,39,85,476,Disponible
477,1,92,3,25,39,85,477,Disponible
478,1,85,10,2,39,85,478,Disponible
479,1,4,11,20,39,85,479,Disponible
480,1,7,8,3,39,85,480,Disponible
481,1,55,10,17,39,85,481,Disponible
482,1,32,2,12,39,85,482,Disponible
483,1,32,6,11,39,85,483,Disponible
484,1,29,5,1,39,85,484,Disponible
485,1,97,12,24,39,85,485,Disponible
486,1,9,4,22,39,85,486,Disponible
487,1,63,3,17,39,85,487,Disponible
488,1,58,3,8,39,85,488,Disponible
489,1,78,7,14,39,85,489,Disponible
490,1,78,8,10,39,85,490,Disponible
491,1,35,3,21,39,85,491,Disponible
492,1,53,6,8,39,85,492,Disponible
493,1,66,10,27,39,85,493,Disponible
494,1,14,6,18,39,85,494,Disponible
495,1,82,9,6,39,85,495,Disponible
496,1,40,12,21,39,85,496,Disponible
497,1,76,10,11,39,85,497,Disponible
498,1,19,1,30,39,85,498,Disponible
499,1,78,9,17,39,85,499,Disponible
500,1,62,11,15,39,85,500,Disponible
501,1,90,10,21,39,85,501,Disponible
502,1,22,9,1,39,85,502,Disponible
503,1,26,11,30,39,85,503,Disponible
504,1,86,5,29,39,85,504,Disponible
505,1,18,3,15,39,85,505,Disponible
506,1,35,2,4,39,85,506,Disponible
507,1,78,3,14,39,85,507,Disponible
508,1,99,4,12,39,85,508,Disponible
509,1,44,6,8,39,85,509,Disponible
510,1,21,2,26,39,85,510,Disponible
511,1,31,6,14,39,85,511,Disponible
512,1,15,9,25,39,85,512,Disponible
513,1,98,9,12,39,85,513,Disponible
514,1,83,9,15,39,85,514,Disponible
515,1,94,5,20,39,85,515,Disponible
516,1,98,10,12,39,85,516,Disponible
517,1,27,1,8,39,85,517,Disponible
518,1,86,12,6,39,85,518,Disponible
519,1,53,2,17,39,85,519,Disponible
520,1,64,5,8,39,85,520,Disponible
521,1,74,7,11,39,85,521,Disponible
522,1,30,10,6,39,85,522,Disponible
523,1,20,6,3,39,85,523,Disponible
524,1,94,2,23,39,85,524,Disponible
525,1,16,1,16,39,85,525,Disponible
526,1,41,12,17,39,85,526,Disponible
527,1,61,9,24,39,85,527,Disponible
528,1,29,1,21,39,85,528,Disponible
529,1,73,6,10,39,85,529,Disponible
530,1,55,2,2,39,85,530,Disponible
531,1,9,1,30,39,85,531,Disponible
532,1,16,4,21,39,85,532,Disponible
533,1,86,9,28,39,85,533,Disponible
534,1,48,11,6,39,85,534,Disponible
535,1,88,9,25,39,85,535,Disponible
536,1,59,2,6,39,85,536,Disponible
537,1,40,7,9,39,85,537,Disponible
538,1,71,9,4,39,85,538,Disponible
539,1,38,2,3,39,85,539,Disponible
540,1,55,3,29,39,85,540,Disponible
541,1,10,9,20,39,85,541,Disponible
542,1,81,12,14,39,85,542,Disponible
543,1,57,10,25,39,85,543,Disponible
544,1,39,6,25,39,85,544,Disponible
545,1,21,11,23,39,85,545,Disponible
546,1,26,11,26,39,85,546,Disponible
547,1,2,7,30,39,85,547,Disponible
548,1,28,4,28,39,85,548,Disponible
549,1,99,8,10,39,85,549,Disponible
550,1,68,6,7,39,85,550,Disponible
551,1,29,10,3,39,85,551,Disponible
552,1,91,8,2,39,85,552,Disponible
553,1,39,3,1,39,85,553,Disponible
554,1,11,10,7,39,85,554,Disponible
555,1,99,3,18,39,85,555,Disponible
556,1,33,3,5,39,85,556,Disponible
557,1,60,9,17,39,85,557,Disponible
558,1,86,11,30,39,85,558,Disponible
559,1,3,11,9,39,85,559,Disponible
560,1,72,10,12,39,85,560,Disponible
561,1,60,7,26,39,85,561,Disponible
562,1,19,1,16,39,85,562,Disponible
563,1,28,8,9,39,85,563,Disponible
564,1,77,10,16,39,85,564,Disponible
565,1,1,7,5,39,85,565,Disponible
566,1,23,11,24,39,85,566,Disponible
567,1,58,6,4,39,85,567,Disponible
568,1,53,5,15,39,85,568,Disponible
569,1,99,3,29,39,85,569,Disponible
570,1,50,11,13,39,85,570,Disponible
571,1,13,9,20,39,85,571,Disponible
572,1,82,4,8,39,85,572,Disponible
573,1,96,5,13,39,85,573,Disponible
574,1,72,9,14,39,85,574,Disponible
575,1,57,12,20,39,85,575,Disponible
576,1,93,4,13,39,85,576,Disponible
577,1,76,4,7,39,85,577,Disponible
578,1,96,8,16,39,85,578,Disponible
579,1,80,2,15,39,85,579,Disponible
580,1,71,3,7,39,85,580,Disponible
581,1,33,4,2,39,85,581,Disponible
582,1,13,11,5,39,85,582,Disponible
583,1,57,11,6,39,85,583,Disponible
584,1,67,6,22,39,85,584,Disponible
585,1,97,12,18,39,85,585,Disponible
586,1,40,3,1,39,85,586,Disponible
587,1,44,3,6,39,85,587,Disponible
588,1,30,8,1,39,85,588,Disponible
589,1,19,2,17,39,85,589,Disponible
590,1,99,2,17,39,85,590,Disponible
591,1,39,1,26,39,85,591,Disponible
592,1,56,10,22,39,85,592,Disponible
593,1,14,9,26,39,85,593,Disponible
594,1,52,8,18,39,85,594,Disponible
595,1,17,3,6,39,85,595,Disponible
596,1,81,5,4,39,85,596,Disponible
597,1,77,7,6,39,85,597,Disponible
598,1,70,5,23,39,85,598,Disponible
599,1,21,12,29,39,85,599,Disponible
600,1,24,10,21,39,85,600,Disponible
601,1,1,3,28,39,85,601,Disponible
602,1,97,7,27,39,85,602,Disponible
603,1,52,9,8,39,85,603,Disponible
604,1,25,8,23,39,85,604,Disponible
605,1,64,12,16,39,85,605,Disponible
606,1,66,6,8,39,85,606,Disponible
607,1,33,1,27,39,85,607,Disponible
608,1,62,2,6,39,85,608,Disponible
609,1,44,10,30,39,85,609,Disponible
610,1,88,7,3,39,85,610,Disponible
611,1,81,2,17,39,85,611,Disponible
612,1,35,6,5,39,85,612,Disponible
613,1,60,4,10,39,85,613,Disponible
614,1,95,9,1,39,85,614,Disponible
615,1,19,3,18,39,85,615,Disponible
616,1,45,9,15,39,85,616,Disponible
617,1,72,4,17,39,85,617,Disponible
618,1,51,7,8,39,85,618,Disponible
619,1,30,9,25,39,85,619,Disponible
620,1,36,12,2,39,85,620,Disponible
621,1,67,11,19,39,85,621,Disponible
622,1,87,12,22,39,85,622,Disponible
623,1,99,9,7,39,85,623,Disponible
624,1,52,6,2,39,85,624,Disponible
625,1,98,9,28,39,85,625,Disponible
626,1,35,10,21,39,85,626,Disponible
627,1,8,1,27,39,85,627,Disponible
628,1,48,7,15,39,85,628,Disponible
629,1,47,8,25,39,85,629,Disponible
630,1,40,4,26,39,85,630,Disponible
631,1,88,12,10,39,85,631,Disponible
632,1,84,12,26,39,85,632,Disponible
633,1,97,10,27,39,85,633,Disponible
634,1,38,2,10,39,85,634,Disponible
635,1,88,3,6,39,85,635,Disponible
636,1,72,2,24,39,85,636,Disponible
637,1,96,7,15,39,85,637,Disponible
638,1,66,5,29,39,85,638,Disponible
639,1,25,5,25,39,85,639,Disponible
640,1,69,8,30,39,85,640,Disponible
641,1,58,9,6,39,85,641,Disponible
642,1,83,8,13,39,85,642,Disponible
643,1,58,11,13,39,85,643,Disponible
644,1,55,8,12,39,85,644,Disponible
645,1,77,7,21,39,85,645,Disponible
646,1,35,5,22,39,85,646,Disponible
647,1,70,2,18,39,85,647,Disponible
648,1,57,5,7,39,85,648,Disponible
649,1,28,12,4,39,85,649,Disponible
650,1,50,12,15,39,85,650,Disponible
651,1,13,9,20,39,85,651,Disponible
652,1,17,12,29,39,85,652,Disponible
653,1,94,6,9,39,85,653,Disponible
654,1,10,2,11,39,85,654,Disponible
655,1,25,8,21,39,85,655,Disponible
656,1,73,5,3,39,85,656,Disponible
657,1,97,12,6,39,85,657,Disponible
658,1,88,10,24,39,85,658,Disponible
659,1,46,8,8,39,85,659,Disponible
660,1,1,9,2,39,85,660,Disponible
661,1,1,2,17,39,85,661,Disponible
662,1,89,3,16,39,85,662,Disponible
663,1,79,3,9,39,85,663,Disponible
664,1,94,3,29,39,85,664,Disponible
665,1,71,5,16,39,85,665,Disponible
666,1,22,4,28,39,85,666,Disponible
667,1,54,6,13,39,85,667,Disponible
668,1,10,5,18,39,85,668,Disponible
669,1,2,7,27,39,85,669,Disponible
670,1,37,6,7,39,85,670,Disponible
671,1,47,3,17,39,85,671,Disponible
672,1,12,5,8,39,85,672,Disponible
673,1,67,11,12,39,85,673,Disponible
674,1,36,2,9,39,85,674,Disponible
675,1,56,2,5,39,85,675,Disponible
676,1,52,1,1,39,85,676,Disponible
677,1,37,9,30,39,85,677,Disponible
678,1,92,5,30,39,85,678,Disponible
679,1,86,6,8,39,85,679,Disponible
680,1,11,10,19,39,85,680,Disponible
681,1,44,2,13,39,85,681,Disponible
682,1,68,11,8,39,85,682,Disponible
683,1,76,3,28,39,85,683,Disponible
684,1,66,2,17,39,85,684,Disponible
685,1,14,5,3,39,85,685,Disponible
686,1,41,4,16,39,85,686,Disponible
687,1,48,2,18,39,85,687,Disponible
688,1,12,6,25,39,85,688,Disponible
689,1,8,7,1,39,85,689,Disponible
690,1,63,10,15,39,85,690,Disponible
691,1,45,12,7,39,85,691,Disponible
692,1,66,8,22,39,85,692,Disponible
693,1,65,11,5,39,85,693,Disponible
694,1,82,8,9,39,85,694,Disponible
695,1,27,8,4,39,85,695,Disponible
696,1,39,3,19,39,85,696,Disponible
697,1,26,6,10,39,85,697,Disponible
698,1,85,8,11,39,85,698,Disponible
699,1,13,4,28,39,85,699,Disponible
700,1,65,1,30,39,85,700,Disponible
